Product_ID,Product_Category,Orders,Actual_Returns,Actual_Return_Rate,Avg_Risk_Score,Avg_Price,Avg_Discount,Risk_Rank
PROD00008664,Electronics,1,1,100.0,0.6904,73.12,42.05,1
PROD00009351,Clothing,1,0,0.0,0.6882,32.92,38.93,2
PROD00000302,Clothing,1,1,100.0,0.688,139.65,39.08,3
PROD00004267,Electronics,1,0,0.0,0.686,49.86,45.89,4
PROD00004115,Clothing,1,0,0.0,0.6836,213.17,43.34,5
PROD00006759,Clothing,1,1,100.0,0.6811,375.6,40.31,6
PROD00004949,Electronics,1,1,100.0,0.6775,271.79,26.48,7
PROD00008798,Electronics,1,1,100.0,0.6775,426.96,47.81,8
PROD00002120,Clothing,1,0,0.0,0.6744,245.67,26.52,9
PROD00007552,Books,1,1,100.0,0.6739,168.12,45.86,10
PROD00009438,Clothing,1,1,100.0,0.6738,15.28,48.94,11
PROD00006268,Books,1,1,100.0,0.6736,13.55,31.65,12
PROD00009270,Clothing,1,1,100.0,0.6731,35.71,42.09,13
PROD00003143,Electronics,1,1,100.0,0.673,106.75,22.74,14
PROD00006599,Electronics,1,1,100.0,0.6728,39.22,22.56,15
PROD00006586,Books,1,1,100.0,0.6722,28.55,39.82,16
PROD00001433,Clothing,1,1,100.0,0.672,379.27,49.39,17
PROD00007611,Clothing,1,1,100.0,0.6704,154.98,12.23,18
PROD00005165,Toys,1,1,100.0,0.6694,56.52,37.74,19
PROD00005299,Toys,1,0,0.0,0.6687,154.47,47.27,20
PROD00008249,Electronics,1,0,0.0,0.6681,36.14,48.12,21
PROD00007827,Toys,1,1,100.0,0.6679,74.11,41.75,22
PROD00009900,Clothing,1,1,100.0,0.6678,109.93,48.38,23
PROD00003023,Home,1,1,100.0,0.6678,225.51,45.56,24
PROD00006395,Books,1,0,0.0,0.6652,117.55,22.31,25
PROD00008987,Toys,1,0,0.0,0.6648,176.22,44.84,26
PROD00002898,Electronics,1,1,100.0,0.6646,16.36,33.88,27
PROD00007356,Clothing,1,1,100.0,0.6635,199.76,41.54,28
PROD00007180,Clothing,1,0,0.0,0.6632,472.93,8.8,29
PROD00007546,Clothing,1,1,100.0,0.6631,146.19,45.99,30
PROD00007187,Books,1,0,0.0,0.663,36.05,2.21,31
PROD00008250,Home,1,0,0.0,0.6618,115.56,35.68,32
PROD00009380,Clothing,1,1,100.0,0.6617,34.0,38.82,33
PROD00007326,Clothing,1,0,0.0,0.6615,161.32,43.59,34
PROD00004546,Clothing,1,1,100.0,0.6613,59.1,49.35,35
PROD00009325,Electronics,1,1,100.0,0.6611,363.24,49.92,36
PROD00000137,Electronics,1,1,100.0,0.6606,285.21,40.21,37
PROD00007511,Electronics,1,1,100.0,0.6606,412.83,35.99,38
PROD00004272,Clothing,1,1,100.0,0.6605,88.22,38.77,39
PROD00007964,Home,1,1,100.0,0.6599,30.05,20.93,40
PROD00006476,Books,1,0,0.0,0.6594,379.28,47.86,41
PROD00006518,Books,1,1,100.0,0.6594,23.63,15.62,42
PROD00006073,Clothing,1,1,100.0,0.6593,143.58,0.02,43
PROD00002524,Clothing,1,1,100.0,0.6591,254.09,39.77,44
PROD00008646,Electronics,1,1,100.0,0.6586,97.12,49.42,45
PROD00005992,Clothing,1,1,100.0,0.6586,452.44,46.85,46
PROD00006406,Clothing,1,1,100.0,0.658,463.86,12.08,47
PROD00008724,Clothing,1,0,0.0,0.6574,456.95,10.65,48
PROD00001909,Clothing,1,1,100.0,0.6573,157.29,37.58,49
PROD00009038,Clothing,1,1,100.0,0.6566,110.14,27.5,50
PROD00005363,Electronics,1,1,100.0,0.6565,86.88,10.5,51
PROD00000522,Books,1,0,0.0,0.6564,55.91,45.86,52
PROD00006281,Clothing,1,1,100.0,0.6562,72.88,48.72,53
PROD00004818,Electronics,1,1,100.0,0.656,247.54,5.33,54
PROD00004981,Clothing,1,1,100.0,0.656,382.06,43.65,55
PROD00009387,Clothing,1,1,100.0,0.6559,160.82,45.44,56
PROD00001332,Toys,1,0,0.0,0.6551,81.78,16.89,57
PROD00001266,Electronics,1,1,100.0,0.6551,69.91,37.71,58
PROD00000829,Clothing,1,1,100.0,0.6549,432.09,16.12,59
PROD00003854,Clothing,1,0,0.0,0.6549,345.2,24.45,60
PROD00003644,Electronics,1,1,100.0,0.6545,246.37,46.02,61
PROD00002916,Toys,1,1,100.0,0.6544,55.94,24.59,62
PROD00000754,Books,1,1,100.0,0.6543,454.4,44.65,63
PROD00008377,Electronics,1,1,100.0,0.6539,213.24,48.16,64
PROD00001006,Electronics,1,1,100.0,0.6539,299.71,41.87,65
PROD00002627,Electronics,1,0,0.0,0.6535,40.26,43.92,66
PROD00002244,Electronics,1,1,100.0,0.6533,28.91,2.59,67
PROD00001874,Clothing,1,1,100.0,0.6531,406.07,31.11,68
PROD00004567,Clothing,1,0,0.0,0.6531,435.46,45.94,69
PROD00002795,Clothing,1,0,0.0,0.6529,413.31,39.58,70
PROD00001331,Electronics,1,1,100.0,0.6527,6.29,42.91,71
PROD00008686,Home,1,0,0.0,0.6522,211.65,19.92,72
PROD00004135,Electronics,1,1,100.0,0.6519,405.93,42.86,73
PROD00007708,Electronics,1,1,100.0,0.6518,397.9,46.4,74
PROD00000048,Electronics,1,1,100.0,0.6516,344.31,10.99,75
PROD00006517,Electronics,1,1,100.0,0.6516,204.0,43.09,76
PROD00007168,Electronics,1,1,100.0,0.6514,129.7,45.64,77
PROD00007891,Home,1,1,100.0,0.6513,94.09,32.94,78
PROD00004051,Electronics,1,0,0.0,0.651,161.59,32.14,79
PROD00004281,Clothing,1,0,0.0,0.651,136.4,48.28,80
PROD00009260,Electronics,1,1,100.0,0.651,163.42,40.86,81
PROD00005467,Toys,1,0,0.0,0.6507,447.19,44.5,82
PROD00007628,Books,1,0,0.0,0.6507,117.42,9.45,83
PROD00003368,Books,1,1,100.0,0.6501,307.84,20.25,84
PROD00003665,Books,1,1,100.0,0.65,241.43,46.25,85
PROD00004283,Home,1,0,0.0,0.65,20.69,19.79,86
PROD00005524,Books,1,0,0.0,0.6499,69.18,40.71,87
PROD00001289,Books,1,1,100.0,0.6499,205.75,13.56,88
PROD00008114,Electronics,1,1,100.0,0.6493,102.51,49.86,89
PROD00004473,Electronics,1,1,100.0,0.6491,66.73,23.98,90
PROD00000740,Clothing,1,1,100.0,0.6489,403.35,48.18,91
PROD00005344,Clothing,1,0,0.0,0.6487,223.39,39.52,92
PROD00008966,Books,1,0,0.0,0.6485,396.18,14.94,93
PROD00009960,Electronics,1,1,100.0,0.6484,217.96,37.14,94
PROD00007688,Electronics,1,1,100.0,0.6478,115.8,36.57,95
PROD00007647,Books,1,1,100.0,0.6477,485.12,38.47,96
PROD00008360,Clothing,1,1,100.0,0.6476,37.37,48.05,97
PROD00004238,Clothing,1,1,100.0,0.6475,313.98,49.9,98
PROD00003832,Electronics,1,0,0.0,0.6473,435.39,15.88,99
PROD00004478,Electronics,1,0,0.0,0.6467,342.96,39.84,100
PROD00002038,Electronics,1,1,100.0,0.6466,480.7,48.51,101
PROD00001536,Books,1,0,0.0,0.6465,181.31,40.59,102
PROD00002459,Clothing,1,1,100.0,0.6463,162.82,9.21,103
PROD00004018,Clothing,1,1,100.0,0.6463,109.67,31.48,104
PROD00006217,Clothing,1,1,100.0,0.6462,201.51,22.88,105
PROD00005437,Clothing,1,1,100.0,0.6462,47.38,29.81,106
PROD00005038,Clothing,1,1,100.0,0.646,316.73,39.73,107
PROD00003252,Electronics,1,0,0.0,0.6458,435.26,45.37,108
PROD00000374,Books,1,0,0.0,0.6456,479.19,49.37,109
PROD00000835,Electronics,1,1,100.0,0.6453,270.07,27.05,110
PROD00009665,Clothing,1,0,0.0,0.6451,203.59,29.43,111
PROD00000776,Electronics,1,0,0.0,0.645,201.18,49.36,112
PROD00000941,Clothing,1,0,0.0,0.6447,403.01,47.34,113
PROD00001394,Home,1,0,0.0,0.6444,420.96,33.4,114
PROD00009392,Toys,1,1,100.0,0.6444,83.62,9.91,115
PROD00007825,Books,1,0,0.0,0.6441,26.41,48.75,116
PROD00006123,Clothing,1,1,100.0,0.6441,288.83,38.72,117
PROD00002235,Clothing,1,0,0.0,0.644,217.84,23.75,118
PROD00000945,Clothing,1,1,100.0,0.6437,71.42,46.94,119
PROD00000407,Clothing,1,1,100.0,0.6437,449.14,37.98,120
PROD00002422,Electronics,1,1,100.0,0.6435,184.78,41.51,121
PROD00004433,Clothing,1,0,0.0,0.6435,370.66,36.6,122
PROD00005531,Clothing,1,0,0.0,0.6435,241.52,20.68,123
PROD00008971,Electronics,1,1,100.0,0.6431,488.55,46.9,124
PROD00001029,Clothing,1,1,100.0,0.6431,249.08,31.22,125
PROD00007454,Electronics,1,0,0.0,0.6431,51.14,23.58,126
PROD00008520,Electronics,1,0,0.0,0.6429,8.04,33.27,127
PROD00004582,Books,1,0,0.0,0.6428,97.69,40.56,128
PROD00002324,Books,1,1,100.0,0.6426,414.45,35.4,129
PROD00004036,Electronics,1,0,0.0,0.6425,17.72,18.73,130
PROD00004653,Clothing,1,1,100.0,0.6423,149.37,33.82,131
PROD00009948,Clothing,1,1,100.0,0.6421,232.38,14.81,132
PROD00001095,Books,1,0,0.0,0.642,253.72,43.76,133
PROD00008782,Clothing,1,0,0.0,0.6414,30.75,16.08,134
PROD00003229,Electronics,1,0,0.0,0.6414,390.62,39.91,135
PROD00009453,Home,1,0,0.0,0.6412,217.78,10.55,136
PROD00007167,Clothing,1,1,100.0,0.6411,403.66,32.0,137
PROD00000703,Electronics,1,1,100.0,0.641,58.29,31.68,138
PROD00006424,Clothing,1,1,100.0,0.6409,94.11,49.97,139
PROD00005466,Clothing,1,0,0.0,0.6408,36.93,9.4,140
PROD00009563,Clothing,1,1,100.0,0.6407,431.77,29.52,141
PROD00002802,Clothing,1,1,100.0,0.6406,370.26,47.12,142
PROD00001325,Clothing,1,1,100.0,0.6404,482.67,36.74,143
PROD00002233,Electronics,1,0,0.0,0.6404,230.32,41.92,144
PROD00001948,Toys,1,1,100.0,0.6404,147.83,43.9,145
PROD00001084,Clothing,1,0,0.0,0.6404,37.44,2.44,146
PROD00009335,Clothing,1,0,0.0,0.6401,324.75,15.3,147
PROD00009248,Home,1,1,100.0,0.6399,406.03,22.75,148
PROD00006446,Electronics,1,1,100.0,0.6398,172.71,30.24,149
PROD00005934,Clothing,1,1,100.0,0.6396,331.95,27.07,150
PROD00004795,Home,1,1,100.0,0.6396,288.03,13.72,151
PROD00004686,Clothing,1,1,100.0,0.6395,90.21,39.49,152
PROD00002544,Electronics,1,0,0.0,0.6395,101.61,28.9,153
PROD00001456,Clothing,1,1,100.0,0.6395,235.29,16.98,154
PROD00001632,Electronics,1,0,0.0,0.6394,236.34,44.85,155
PROD00006885,Electronics,1,1,100.0,0.6393,202.29,46.28,156
PROD00003547,Home,1,1,100.0,0.6392,99.26,37.89,157
PROD00009840,Clothing,1,1,100.0,0.6391,168.65,49.09,158
PROD00002718,Electronics,1,0,0.0,0.6389,84.52,1.09,159
PROD00009680,Toys,1,1,100.0,0.6389,425.13,41.3,160
PROD00003326,Electronics,1,0,0.0,0.6389,271.69,45.14,161
PROD00004724,Clothing,1,0,0.0,0.6386,359.39,31.79,162
PROD00003567,Books,1,1,100.0,0.6386,87.31,20.92,163
PROD00000005,Electronics,1,1,100.0,0.6386,252.12,47.61,164
PROD00006867,Electronics,1,1,100.0,0.6385,343.08,36.99,165
PROD00004916,Clothing,1,1,100.0,0.6384,136.59,46.78,166
PROD00007218,Toys,1,0,0.0,0.6383,318.61,7.01,167
PROD00002642,Clothing,1,0,0.0,0.6383,343.65,25.63,168
PROD00003160,Electronics,1,1,100.0,0.6382,185.62,49.41,169
PROD00000688,Clothing,1,1,100.0,0.6381,374.94,15.68,170
PROD00004490,Clothing,1,0,0.0,0.638,152.28,9.61,171
PROD00006190,Books,1,1,100.0,0.6379,63.79,28.03,172
PROD00008805,Electronics,1,0,0.0,0.6378,130.2,14.4,173
PROD00003250,Electronics,1,1,100.0,0.6375,226.48,32.3,174
PROD00009146,Clothing,1,1,100.0,0.6375,422.15,32.82,175
PROD00006679,Clothing,1,0,0.0,0.6374,66.78,18.18,176
PROD00007267,Electronics,1,1,100.0,0.6374,282.02,42.96,177
PROD00005014,Clothing,1,1,100.0,0.6374,137.22,39.8,178
PROD00000813,Electronics,1,1,100.0,0.6372,469.16,39.01,179
PROD00002330,Books,1,0,0.0,0.6371,213.52,47.77,180
PROD00002743,Toys,1,1,100.0,0.6368,81.01,44.09,181
PROD00008000,Clothing,1,0,0.0,0.6368,312.12,31.31,182
PROD00001838,Electronics,1,1,100.0,0.6367,185.82,24.92,183
PROD00004110,Home,1,0,0.0,0.6367,99.13,41.33,184
PROD00002529,Clothing,1,0,0.0,0.6365,379.97,44.89,185
PROD00009345,Clothing,1,0,0.0,0.6365,487.57,29.86,186
PROD00001392,Electronics,1,1,100.0,0.6364,143.28,8.2,187
PROD00002050,Books,1,0,0.0,0.6364,328.62,41.27,188
PROD00003691,Home,1,1,100.0,0.6361,221.96,39.83,189
PROD00000588,Clothing,1,1,100.0,0.6361,129.14,17.15,190
PROD00009430,Books,1,0,0.0,0.6356,114.16,26.31,191
PROD00001702,Electronics,1,1,100.0,0.6353,295.18,15.96,192
PROD00007656,Clothing,1,1,100.0,0.6353,302.66,23.44,193
PROD00008912,Home,1,1,100.0,0.6353,189.99,40.07,194
PROD00000384,Books,1,1,100.0,0.6352,239.47,47.1,195
PROD00008278,Electronics,1,1,100.0,0.6352,55.13,43.51,196
PROD00006285,Clothing,1,1,100.0,0.6352,142.35,45.21,197
PROD00005670,Electronics,1,1,100.0,0.6352,12.37,5.74,198
PROD00008041,Clothing,1,1,100.0,0.6351,310.7,10.71,199
PROD00001118,Electronics,1,1,100.0,0.6351,42.38,30.34,200
PROD00003173,Books,1,0,0.0,0.635,71.21,14.0,201
PROD00001023,Clothing,1,1,100.0,0.6349,131.99,4.85,202
PROD00002189,Clothing,1,0,0.0,0.6349,199.96,40.18,203
PROD00009197,Electronics,1,1,100.0,0.6347,157.25,47.06,204
PROD00007231,Electronics,1,0,0.0,0.6346,371.33,38.26,205
PROD00001725,Home,1,1,100.0,0.6345,210.76,29.97,206
PROD00006953,Books,1,1,100.0,0.6345,496.94,45.72,207
PROD00001282,Electronics,1,0,0.0,0.6345,131.83,32.67,208
PROD00007301,Books,1,1,100.0,0.6344,17.5,34.33,209
PROD00005045,Electronics,1,1,100.0,0.6343,355.37,13.87,210
PROD00002470,Electronics,1,1,100.0,0.6342,237.27,24.43,211
PROD00000357,Electronics,1,0,0.0,0.6339,219.57,40.21,212
PROD00008517,Books,1,0,0.0,0.6338,77.1,22.51,213
PROD00003663,Clothing,1,0,0.0,0.6335,401.04,38.8,214
PROD00008890,Books,1,0,0.0,0.6335,167.48,48.21,215
PROD00001353,Clothing,1,0,0.0,0.6335,484.68,12.83,216
PROD00004345,Clothing,1,1,100.0,0.6335,313.03,10.27,217
PROD00004366,Home,1,1,100.0,0.6334,292.19,47.54,218
PROD00007381,Electronics,1,0,0.0,0.6334,434.18,34.81,219
PROD00007558,Toys,1,1,100.0,0.6334,348.39,4.3,220
PROD00007965,Clothing,1,1,100.0,0.6333,98.36,27.5,221
PROD00006902,Books,1,0,0.0,0.6333,199.72,41.96,222
PROD00001026,Electronics,1,1,100.0,0.6332,63.34,30.48,223
PROD00007394,Clothing,1,1,100.0,0.633,7.67,36.09,224
PROD00003668,Electronics,1,1,100.0,0.6329,302.77,18.01,225
PROD00002865,Electronics,1,0,0.0,0.6329,23.29,36.97,226
PROD00007215,Electronics,1,0,0.0,0.6328,219.8,37.21,227
PROD00003149,Clothing,1,1,100.0,0.6325,235.97,44.94,228
PROD00009356,Books,1,1,100.0,0.6325,238.21,44.62,229
PROD00003148,Clothing,1,1,100.0,0.6324,327.87,32.8,230
PROD00002570,Toys,1,1,100.0,0.6323,337.57,47.64,231
PROD00004673,Toys,1,1,100.0,0.6323,5.19,31.04,232
PROD00005613,Home,1,1,100.0,0.6323,32.21,39.34,233
PROD00005184,Clothing,1,1,100.0,0.6323,291.79,26.98,234
PROD00008499,Electronics,1,1,100.0,0.6322,480.15,49.91,235
PROD00006591,Home,1,1,100.0,0.632,150.76,38.52,236
PROD00000871,Electronics,1,0,0.0,0.6319,172.92,11.62,237
PROD00000291,Clothing,1,1,100.0,0.6318,181.12,31.29,238
PROD00007136,Home,1,0,0.0,0.6318,90.0,24.37,239
PROD00007333,Electronics,1,1,100.0,0.6317,73.47,10.09,240
PROD00000639,Clothing,1,1,100.0,0.6317,385.74,47.93,241
PROD00000709,Clothing,1,0,0.0,0.6315,228.78,10.66,242
PROD00009789,Electronics,1,0,0.0,0.6315,295.19,13.16,243
PROD00009721,Electronics,1,0,0.0,0.6312,413.75,26.11,244
PROD00008331,Clothing,1,0,0.0,0.631,103.22,15.01,245
PROD00009582,Toys,1,0,0.0,0.631,287.79,38.93,246
PROD00001701,Books,1,0,0.0,0.6308,386.03,42.64,247
PROD00006169,Electronics,1,1,100.0,0.6308,448.46,49.31,248
PROD00002119,Clothing,1,1,100.0,0.6303,82.97,34.92,249
PROD00006097,Clothing,1,1,100.0,0.6302,201.65,37.98,250
PROD00006859,Books,1,1,100.0,0.6301,450.1,42.22,251
PROD00000325,Home,1,0,0.0,0.6299,88.69,47.58,252
PROD00003907,Clothing,1,1,100.0,0.6298,13.37,41.37,253
PROD00006185,Electronics,1,1,100.0,0.6298,252.79,39.82,254
PROD00006556,Electronics,1,0,0.0,0.6297,452.79,8.5,255
PROD00006082,Books,1,1,100.0,0.6297,207.43,42.98,256
PROD00000964,Electronics,1,0,0.0,0.6296,197.92,23.22,257
PROD00003341,Electronics,1,0,0.0,0.6296,282.33,43.29,258
PROD00005476,Books,1,0,0.0,0.6295,437.97,49.26,259
PROD00006637,Books,1,1,100.0,0.6295,11.68,14.7,260
PROD00003464,Home,1,1,100.0,0.6295,383.77,8.2,261
PROD00005537,Clothing,1,0,0.0,0.6294,10.32,36.89,262
PROD00001338,Clothing,1,0,0.0,0.6294,144.89,22.92,263
PROD00003535,Books,1,1,100.0,0.6293,75.11,39.5,264
PROD00009224,Electronics,1,0,0.0,0.6292,198.11,35.67,265
PROD00005055,Clothing,1,1,100.0,0.6291,332.99,8.69,266
PROD00006049,Electronics,1,1,100.0,0.6291,426.54,16.02,267
PROD00005254,Electronics,1,0,0.0,0.6291,392.12,44.55,268
PROD00002797,Electronics,1,0,0.0,0.629,321.71,22.94,269
PROD00008434,Toys,1,0,0.0,0.6289,498.63,41.21,270
PROD00002352,Books,1,0,0.0,0.6289,493.92,26.78,271
PROD00004090,Electronics,1,1,100.0,0.6287,72.76,9.5,272
PROD00006295,Home,1,1,100.0,0.6287,25.75,45.65,273
PROD00007476,Electronics,1,1,100.0,0.6287,436.95,36.34,274
PROD00002445,Clothing,1,1,100.0,0.6286,29.68,42.7,275
PROD00009688,Clothing,1,0,0.0,0.6285,290.0,3.93,276
PROD00002240,Toys,1,1,100.0,0.6284,169.17,26.13,277
PROD00004778,Clothing,1,0,0.0,0.6284,84.66,15.84,278
PROD00001571,Clothing,1,1,100.0,0.6284,96.47,20.96,279
PROD00000196,Electronics,1,1,100.0,0.6283,6.5,23.83,280
PROD00008435,Electronics,1,0,0.0,0.6282,333.64,43.86,281
PROD00007498,Clothing,1,0,0.0,0.6281,240.27,18.26,282
PROD00006154,Clothing,1,1,100.0,0.628,388.29,4.08,283
PROD00001452,Electronics,1,0,0.0,0.628,138.83,36.11,284
PROD00000615,Clothing,1,1,100.0,0.6278,74.1,49.16,285
PROD00001440,Toys,1,1,100.0,0.6277,316.76,41.31,286
PROD00008874,Home,1,1,100.0,0.6277,331.75,47.59,287
PROD00008785,Home,1,0,0.0,0.6276,145.84,40.07,288
PROD00003136,Clothing,1,1,100.0,0.6275,262.1,14.09,289
PROD00009198,Electronics,1,1,100.0,0.6274,312.61,25.51,290
PROD00001492,Toys,1,1,100.0,0.6273,498.15,43.65,291
PROD00004407,Clothing,1,0,0.0,0.6271,137.16,25.86,292
PROD00006409,Electronics,1,1,100.0,0.6271,117.62,45.71,293
PROD00006711,Electronics,1,0,0.0,0.627,106.64,2.02,294
PROD00007463,Clothing,1,0,0.0,0.6268,211.31,34.3,295
PROD00000270,Clothing,1,1,100.0,0.6268,354.81,29.05,296
PROD00007554,Home,1,1,100.0,0.6268,67.54,45.79,297
PROD00002220,Electronics,1,1,100.0,0.6267,49.04,7.34,298
PROD00001918,Clothing,1,1,100.0,0.6266,220.08,35.78,299
PROD00004980,Electronics,1,1,100.0,0.6266,377.28,17.65,300
PROD00006271,Electronics,1,1,100.0,0.6264,12.22,11.18,301
PROD00008177,Clothing,1,1,100.0,0.6264,488.17,25.12,302
PROD00005223,Clothing,1,1,100.0,0.6263,194.93,24.76,303
PROD00000516,Clothing,1,0,0.0,0.6262,263.37,6.97,304
PROD00008088,Home,1,0,0.0,0.6261,171.83,30.1,305
PROD00008396,Electronics,1,0,0.0,0.626,443.15,5.31,306
PROD00008031,Clothing,1,1,100.0,0.626,292.89,0.99,307
PROD00008381,Books,1,0,0.0,0.6257,5.36,40.99,308
PROD00003898,Electronics,1,1,100.0,0.6257,72.56,7.99,309
PROD00008033,Electronics,1,1,100.0,0.6257,138.37,37.31,310
PROD00001417,Clothing,1,0,0.0,0.6257,73.71,45.5,311
PROD00006159,Toys,1,1,100.0,0.6257,202.25,14.67,312
PROD00003247,Clothing,1,1,100.0,0.6257,179.46,32.48,313
PROD00003865,Toys,1,1,100.0,0.6257,195.73,31.49,314
PROD00002173,Home,1,0,0.0,0.6256,159.26,36.98,315
PROD00004019,Clothing,1,1,100.0,0.6255,74.64,45.3,316
PROD00006444,Home,1,1,100.0,0.6254,341.67,7.45,317
PROD00005844,Books,1,0,0.0,0.6252,297.3,23.44,318
PROD00006779,Electronics,1,1,100.0,0.6252,308.97,12.5,319
PROD00008747,Clothing,1,0,0.0,0.6251,35.9,31.35,320
PROD00000990,Toys,1,1,100.0,0.6251,430.94,28.47,321
PROD00005962,Toys,1,1,100.0,0.6249,273.96,24.7,322
PROD00001841,Home,1,1,100.0,0.6249,64.23,26.28,323
PROD00002680,Clothing,1,1,100.0,0.6248,6.3,42.43,324
PROD00002227,Electronics,1,0,0.0,0.6248,61.44,18.5,325
PROD00005492,Electronics,1,0,0.0,0.6248,411.99,38.73,326
PROD00002597,Home,1,1,100.0,0.6248,64.5,21.78,327
PROD00008139,Books,1,1,100.0,0.6248,438.48,48.93,328
PROD00004392,Clothing,1,1,100.0,0.6248,290.55,13.32,329
PROD00004983,Home,1,0,0.0,0.6247,168.64,31.0,330
PROD00009263,Clothing,1,1,100.0,0.6245,302.79,16.54,331
PROD00008321,Electronics,1,0,0.0,0.6244,296.27,7.55,332
PROD00000887,Home,1,0,0.0,0.6243,169.26,42.34,333
PROD00004181,Books,1,1,100.0,0.6243,67.62,20.48,334
PROD00006223,Electronics,1,0,0.0,0.6242,426.07,33.43,335
PROD00001609,Electronics,1,1,100.0,0.6241,111.64,16.42,336
PROD00009428,Electronics,1,1,100.0,0.624,140.04,43.97,337
PROD00008945,Clothing,1,1,100.0,0.624,175.11,18.58,338
PROD00003790,Clothing,1,0,0.0,0.6239,339.13,37.62,339
PROD00003065,Electronics,1,0,0.0,0.6239,66.58,49.9,340
PROD00007754,Books,1,0,0.0,0.6237,404.91,9.92,341
PROD00002545,Clothing,1,1,100.0,0.6236,202.94,18.24,342
PROD00003301,Electronics,1,1,100.0,0.6236,225.37,40.55,343
PROD00005058,Electronics,1,1,100.0,0.6234,19.17,9.73,344
PROD00005871,Electronics,1,0,0.0,0.6234,485.35,21.31,345
PROD00007211,Clothing,1,0,0.0,0.6234,176.42,37.41,346
PROD00009700,Clothing,1,1,100.0,0.6233,382.82,38.54,347
PROD00004617,Electronics,1,0,0.0,0.6233,54.47,36.81,348
PROD00007005,Clothing,1,1,100.0,0.6232,32.39,23.68,349
PROD00007341,Clothing,1,1,100.0,0.6232,103.7,42.24,350
PROD00004875,Clothing,1,1,100.0,0.6232,377.12,34.22,351
PROD00001509,Clothing,1,1,100.0,0.6231,89.63,28.25,352
PROD00004636,Books,1,0,0.0,0.6229,29.86,42.35,353
PROD00002205,Books,1,1,100.0,0.6228,160.15,47.91,354
PROD00008388,Electronics,1,1,100.0,0.6227,486.24,41.71,355
PROD00001759,Books,1,1,100.0,0.6225,287.52,24.85,356
PROD00001489,Books,1,0,0.0,0.6225,233.03,45.11,357
PROD00009436,Clothing,1,0,0.0,0.6224,480.54,0.55,358
PROD00006201,Electronics,1,1,100.0,0.6223,174.11,30.35,359
PROD00009120,Clothing,1,1,100.0,0.6222,209.05,31.8,360
PROD00002147,Electronics,1,1,100.0,0.6222,144.28,45.56,361
PROD00006194,Electronics,1,0,0.0,0.6222,101.91,34.93,362
PROD00009883,Clothing,1,1,100.0,0.6221,5.54,18.21,363
PROD00006957,Toys,1,0,0.0,0.622,166.99,19.97,364
PROD00005528,Electronics,1,1,100.0,0.622,10.58,46.21,365
PROD00006551,Electronics,1,0,0.0,0.622,399.45,33.28,366
PROD00001914,Books,1,0,0.0,0.6219,236.83,31.25,367
PROD00005010,Clothing,1,1,100.0,0.6219,28.88,24.21,368
PROD00005465,Books,1,1,100.0,0.6219,193.98,37.64,369
PROD00003083,Books,1,0,0.0,0.6219,76.54,10.43,370
PROD00006248,Toys,1,1,100.0,0.6219,118.45,13.72,371
PROD00007664,Books,1,1,100.0,0.6218,114.85,38.64,372
PROD00006228,Home,1,0,0.0,0.6216,365.88,35.2,373
PROD00002681,Toys,1,1,100.0,0.6216,384.57,8.53,374
PROD00005544,Electronics,1,0,0.0,0.6215,33.26,15.21,375
PROD00007622,Books,1,1,100.0,0.6215,337.35,30.61,376
PROD00003863,Toys,1,1,100.0,0.6215,316.14,14.74,377
PROD00004104,Clothing,1,1,100.0,0.6213,327.64,35.97,378
PROD00002209,Books,1,0,0.0,0.6213,166.74,27.49,379
PROD00001595,Clothing,1,1,100.0,0.6211,34.47,25.29,380
PROD00008648,Toys,1,1,100.0,0.6211,461.53,29.28,381
PROD00002567,Electronics,1,1,100.0,0.6211,447.27,34.69,382
PROD00003579,Electronics,1,1,100.0,0.6209,182.35,31.63,383
PROD00002553,Toys,1,1,100.0,0.6209,309.33,43.52,384
PROD00008504,Home,1,0,0.0,0.6207,38.29,23.16,385
PROD00005504,Books,1,1,100.0,0.6207,103.83,8.5,386
PROD00005449,Home,1,0,0.0,0.6206,288.02,43.52,387
PROD00000064,Books,1,1,100.0,0.6206,429.41,13.22,388
PROD00001712,Electronics,1,1,100.0,0.6205,207.34,38.86,389
PROD00003515,Toys,1,0,0.0,0.6205,136.86,20.79,390
PROD00008188,Clothing,1,0,0.0,0.6205,218.9,28.43,391
PROD00004945,Electronics,1,0,0.0,0.6204,249.52,11.29,392
PROD00001727,Toys,1,1,100.0,0.6204,334.8,43.79,393
PROD00001696,Home,1,1,100.0,0.6204,32.09,33.58,394
PROD00009125,Home,1,0,0.0,0.6203,71.94,38.36,395
PROD00004071,Home,1,1,100.0,0.6202,68.55,45.12,396
PROD00009616,Books,1,0,0.0,0.6201,288.95,20.06,397
PROD00006413,Electronics,1,1,100.0,0.6201,36.38,30.4,398
PROD00000404,Books,1,0,0.0,0.62,298.58,46.65,399
PROD00004798,Clothing,1,1,100.0,0.6199,313.14,8.7,400
PROD00007812,Clothing,1,1,100.0,0.6199,355.52,17.79,401
PROD00002982,Clothing,1,0,0.0,0.6198,255.03,37.57,402
PROD00007334,Home,1,0,0.0,0.6197,455.89,8.64,403
PROD00008735,Toys,1,0,0.0,0.6196,282.5,16.86,404
PROD00008599,Clothing,1,1,100.0,0.6196,47.99,17.43,405
PROD00001105,Books,1,1,100.0,0.6196,36.23,32.48,406
PROD00003889,Toys,1,0,0.0,0.6195,204.35,45.56,407
PROD00003205,Electronics,1,1,100.0,0.6194,439.45,18.45,408
PROD00003956,Clothing,1,1,100.0,0.6194,48.94,23.9,409
PROD00005975,Books,1,0,0.0,0.6194,218.08,43.36,410
PROD00009082,Books,1,0,0.0,0.6193,54.35,6.29,411
PROD00003753,Books,1,1,100.0,0.6193,122.7,29.11,412
PROD00000351,Books,1,0,0.0,0.6192,311.11,29.12,413
PROD00008175,Books,1,0,0.0,0.619,419.97,41.45,414
PROD00002464,Electronics,1,1,100.0,0.6189,269.16,32.86,415
PROD00000175,Clothing,1,1,100.0,0.6189,381.39,45.86,416
PROD00001349,Electronics,1,0,0.0,0.6189,498.39,35.49,417
PROD00003578,Electronics,1,0,0.0,0.6187,330.19,30.78,418
PROD00006767,Books,1,0,0.0,0.6187,151.24,10.96,419
PROD00003892,Electronics,1,1,100.0,0.6187,242.29,24.8,420
PROD00009728,Clothing,1,1,100.0,0.6186,346.56,44.66,421
PROD00007216,Electronics,1,0,0.0,0.6186,75.02,9.08,422
PROD00002424,Books,1,0,0.0,0.6186,123.66,8.28,423
PROD00007157,Clothing,1,0,0.0,0.6185,92.11,2.39,424
PROD00006785,Books,1,0,0.0,0.6184,15.76,15.73,425
PROD00001887,Home,1,1,100.0,0.6183,436.91,43.12,426
PROD00009869,Electronics,1,0,0.0,0.6183,63.16,49.68,427
PROD00005624,Books,1,0,0.0,0.6181,180.5,7.16,428
PROD00000478,Books,1,1,100.0,0.6179,334.58,37.26,429
PROD00008025,Clothing,1,0,0.0,0.6177,201.74,48.45,430
PROD00004860,Electronics,1,1,100.0,0.6176,98.56,14.99,431
PROD00009433,Electronics,1,1,100.0,0.6175,426.32,3.83,432
PROD00001099,Clothing,1,0,0.0,0.6175,31.96,22.51,433
PROD00003895,Books,1,1,100.0,0.6173,158.3,34.33,434
PROD00008649,Electronics,1,0,0.0,0.6173,412.26,46.85,435
PROD00004205,Toys,1,1,100.0,0.6172,348.46,16.92,436
PROD00002711,Books,1,0,0.0,0.6172,449.8,36.29,437
PROD00007139,Home,1,0,0.0,0.6172,452.21,37.68,438
PROD00009770,Books,1,1,100.0,0.6172,258.51,22.74,439
PROD00009193,Home,1,1,100.0,0.6172,63.29,39.2,440
PROD00001421,Clothing,1,0,0.0,0.6169,391.29,14.91,441
PROD00001540,Books,1,1,100.0,0.6169,308.3,49.27,442
PROD00008219,Toys,1,1,100.0,0.6169,119.22,39.19,443
PROD00004186,Toys,1,1,100.0,0.6168,53.72,37.98,444
PROD00008584,Clothing,1,0,0.0,0.6167,367.48,36.58,445
PROD00002040,Home,1,0,0.0,0.6165,83.51,48.33,446
PROD00005331,Books,1,1,100.0,0.6165,8.01,28.09,447
PROD00009528,Clothing,1,1,100.0,0.6165,345.12,10.88,448
PROD00004054,Books,1,1,100.0,0.6165,279.36,47.75,449
PROD00008505,Home,1,0,0.0,0.6164,19.97,40.41,450
PROD00008738,Home,1,1,100.0,0.6163,227.89,32.34,451
PROD00003224,Clothing,1,1,100.0,0.6162,61.47,10.91,452
PROD00005033,Electronics,1,1,100.0,0.6161,202.55,40.53,453
PROD00004643,Home,1,0,0.0,0.6161,493.31,35.0,454
PROD00007987,Books,1,0,0.0,0.6161,150.7,3.8,455
PROD00000955,Books,1,0,0.0,0.616,338.7,25.71,456
PROD00005916,Electronics,1,0,0.0,0.6159,255.06,31.43,457
PROD00002963,Clothing,1,1,100.0,0.6158,37.68,3.56,458
PROD00004326,Electronics,1,1,100.0,0.6158,75.83,12.77,459
PROD00005004,Toys,1,1,100.0,0.6158,64.35,26.75,460
PROD00002377,Clothing,1,1,100.0,0.6158,196.86,38.11,461
PROD00004689,Home,1,0,0.0,0.6158,67.56,34.01,462
PROD00006504,Toys,1,0,0.0,0.6158,377.6,28.66,463
PROD00007429,Electronics,1,1,100.0,0.6157,282.61,24.6,464
PROD00004429,Electronics,1,1,100.0,0.6157,346.82,8.25,465
PROD00001550,Books,1,1,100.0,0.6157,286.67,10.16,466
PROD00007108,Clothing,1,0,0.0,0.6157,246.99,43.05,467
PROD00000200,Clothing,1,0,0.0,0.6157,82.57,44.8,468
PROD00001366,Clothing,1,1,100.0,0.6156,443.31,23.37,469
PROD00002081,Books,1,1,100.0,0.6155,37.79,27.71,470
PROD00005836,Electronics,1,1,100.0,0.6155,450.68,42.99,471
PROD00008930,Books,1,1,100.0,0.6155,171.48,21.86,472
PROD00003969,Clothing,1,0,0.0,0.6154,439.04,20.87,473
PROD00007128,Toys,1,0,0.0,0.6154,180.14,27.68,474
PROD00003305,Home,1,0,0.0,0.6154,284.68,27.88,475
PROD00003258,Home,1,0,0.0,0.6153,436.8,4.74,476
PROD00002175,Electronics,1,1,100.0,0.6152,279.02,35.21,477
PROD00004726,Clothing,1,1,100.0,0.6152,134.56,17.06,478
PROD00005662,Home,1,1,100.0,0.6151,61.25,16.95,479
PROD00003292,Books,1,0,0.0,0.6149,380.98,35.05,480
PROD00006930,Clothing,1,1,100.0,0.6149,327.23,36.25,481
PROD00004437,Clothing,1,0,0.0,0.6148,441.35,10.62,482
PROD00002250,Clothing,1,1,100.0,0.6147,43.24,11.69,483
PROD00003069,Clothing,1,1,100.0,0.6146,461.1,21.67,484
PROD00008830,Clothing,1,0,0.0,0.6146,367.06,34.11,485
PROD00002890,Electronics,1,1,100.0,0.6146,230.22,49.44,486
PROD00007468,Books,1,1,100.0,0.6145,179.48,29.61,487
PROD00009542,Clothing,1,1,100.0,0.6144,111.95,9.22,488
PROD00006442,Clothing,1,0,0.0,0.6144,343.39,22.8,489
PROD00003964,Home,1,0,0.0,0.6144,274.76,30.27,490
PROD00007420,Electronics,1,0,0.0,0.6143,341.46,14.66,491
PROD00006165,Home,1,1,100.0,0.6143,272.94,46.55,492
PROD00009629,Clothing,1,1,100.0,0.6143,317.66,8.11,493
PROD00002407,Electronics,1,1,100.0,0.6143,311.89,27.41,494
PROD00003413,Toys,1,0,0.0,0.6142,179.96,30.07,495
PROD00005713,Books,1,1,100.0,0.6142,7.13,31.75,496
PROD00000999,Toys,1,1,100.0,0.6141,46.32,18.99,497
PROD00006118,Clothing,1,0,0.0,0.6141,129.29,46.36,498
PROD00001357,Toys,1,1,100.0,0.6138,339.72,44.11,499
PROD00003594,Toys,1,1,100.0,0.6138,347.09,34.58,500
PROD00004632,Electronics,1,1,100.0,0.6136,93.59,38.98,501
PROD00007040,Home,1,0,0.0,0.6136,74.69,47.38,502
PROD00007087,Books,1,0,0.0,0.6136,96.21,20.33,503
PROD00000637,Home,1,0,0.0,0.6135,14.86,22.43,504
PROD00002541,Toys,1,0,0.0,0.6135,49.89,47.66,505
PROD00003883,Home,1,0,0.0,0.6134,31.49,19.38,506
PROD00006229,Books,1,0,0.0,0.6133,226.64,43.57,507
PROD00006199,Toys,1,1,100.0,0.6133,117.73,48.96,508
PROD00006300,Books,1,0,0.0,0.6132,128.22,48.25,509
PROD00002624,Books,1,1,100.0,0.6132,283.53,33.68,510
PROD00009358,Home,1,1,100.0,0.6131,175.12,43.21,511
PROD00000219,Clothing,1,1,100.0,0.6131,393.44,33.6,512
PROD00006294,Clothing,1,1,100.0,0.6131,15.54,4.37,513
PROD00008560,Electronics,1,1,100.0,0.6131,375.58,27.83,514
PROD00000712,Clothing,1,1,100.0,0.6131,151.65,44.37,515
PROD00008303,Clothing,1,1,100.0,0.6131,214.92,31.25,516
PROD00007213,Electronics,1,1,100.0,0.6131,81.17,15.3,517
PROD00009415,Electronics,1,1,100.0,0.613,110.15,46.16,518
PROD00009101,Electronics,1,1,100.0,0.613,167.52,40.64,519
PROD00007750,Books,1,1,100.0,0.6129,270.01,28.99,520
PROD00003040,Electronics,1,0,0.0,0.6129,6.96,20.46,521
PROD00009936,Toys,1,1,100.0,0.6129,392.46,32.2,522
PROD00002282,Books,1,1,100.0,0.6128,102.0,24.68,523
PROD00005189,Books,1,1,100.0,0.6127,19.3,17.72,524
PROD00007521,Clothing,1,0,0.0,0.6127,274.47,18.57,525
PROD00001157,Home,1,0,0.0,0.6127,358.04,28.8,526
PROD00008125,Electronics,1,1,100.0,0.6126,43.0,46.64,527
PROD00002500,Books,1,1,100.0,0.6124,220.67,46.62,528
PROD00004591,Books,1,0,0.0,0.6123,191.06,41.6,529
PROD00003937,Electronics,1,1,100.0,0.6122,266.31,5.81,530
PROD00006303,Clothing,1,1,100.0,0.6122,295.77,38.35,531
PROD00002770,Clothing,1,0,0.0,0.6122,82.32,28.19,532
PROD00000827,Home,1,1,100.0,0.6122,227.92,27.46,533
PROD00000814,Clothing,1,0,0.0,0.6121,155.7,27.91,534
PROD00000661,Books,1,1,100.0,0.6121,136.37,45.21,535
PROD00005134,Books,1,0,0.0,0.6121,283.67,49.03,536
PROD00002646,Clothing,1,0,0.0,0.612,85.98,35.5,537
PROD00008713,Clothing,1,0,0.0,0.612,252.26,24.7,538
PROD00009513,Clothing,1,0,0.0,0.612,285.58,33.96,539
PROD00007704,Books,1,0,0.0,0.6119,151.73,36.3,540
PROD00003532,Electronics,1,0,0.0,0.6119,126.81,9.63,541
PROD00001018,Clothing,1,1,100.0,0.6119,397.66,35.54,542
PROD00005821,Books,1,1,100.0,0.6118,436.42,49.39,543
PROD00005834,Books,1,0,0.0,0.6118,56.87,28.98,544
PROD00002899,Books,1,1,100.0,0.6117,181.39,13.64,545
PROD00009540,Home,1,1,100.0,0.6117,282.1,15.19,546
PROD00005842,Books,1,0,0.0,0.6116,476.21,16.28,547
PROD00009909,Clothing,1,0,0.0,0.6116,181.33,11.03,548
PROD00004878,Clothing,1,1,100.0,0.6116,420.49,43.0,549
PROD00003641,Books,1,0,0.0,0.6116,90.08,5.51,550
PROD00000402,Books,1,1,100.0,0.6115,260.52,26.84,551
PROD00005653,Home,1,1,100.0,0.6115,68.09,14.62,552
PROD00007319,Electronics,1,0,0.0,0.6115,244.24,14.4,553
PROD00000381,Toys,1,0,0.0,0.6114,253.03,47.43,554
PROD00004882,Books,1,0,0.0,0.6113,130.06,33.73,555
PROD00003775,Books,1,0,0.0,0.6112,122.18,48.13,556
PROD00002673,Clothing,1,1,100.0,0.6112,156.48,25.28,557
PROD00007910,Toys,1,1,100.0,0.6112,297.83,48.16,558
PROD00005958,Home,1,1,100.0,0.6111,318.83,15.06,559
PROD00007235,Clothing,1,0,0.0,0.6111,486.6,42.36,560
PROD00002215,Home,1,1,100.0,0.6111,360.11,17.45,561
PROD00002611,Books,1,0,0.0,0.6111,80.95,12.91,562
PROD00009032,Clothing,1,1,100.0,0.611,309.9,35.49,563
PROD00006422,Toys,1,1,100.0,0.611,236.87,38.5,564
PROD00007633,Books,1,0,0.0,0.611,36.14,21.8,565
PROD00008585,Toys,1,0,0.0,0.611,295.17,9.36,566
PROD00005141,Toys,1,0,0.0,0.6109,376.74,48.25,567
PROD00003927,Clothing,1,1,100.0,0.6109,320.7,35.69,568
PROD00009420,Clothing,1,0,0.0,0.6108,76.05,30.4,569
PROD00003167,Clothing,1,0,0.0,0.6108,158.69,12.29,570
PROD00005242,Electronics,1,0,0.0,0.6108,148.6,37.75,571
PROD00007585,Clothing,1,1,100.0,0.6107,328.07,10.66,572
PROD00002376,Books,1,0,0.0,0.6107,462.51,14.06,573
PROD00009599,Home,1,1,100.0,0.6106,52.93,35.81,574
PROD00003054,Books,1,0,0.0,0.6106,414.61,31.43,575
PROD00003300,Clothing,1,0,0.0,0.6105,451.89,10.51,576
PROD00009894,Home,1,0,0.0,0.6103,186.85,27.8,577
PROD00000060,Books,1,1,100.0,0.6102,389.83,12.23,578
PROD00003187,Home,1,0,0.0,0.6102,214.54,8.35,579
PROD00007830,Electronics,1,1,100.0,0.6101,183.95,19.85,580
PROD00007659,Home,1,1,100.0,0.61,176.81,45.82,581
PROD00006341,Toys,1,1,100.0,0.61,201.06,35.5,582
PROD00004998,Home,1,0,0.0,0.61,268.65,25.1,583
PROD00005068,Books,1,0,0.0,0.61,414.24,23.97,584
PROD00007037,Clothing,1,1,100.0,0.6099,432.12,16.48,585
PROD00003357,Home,1,1,100.0,0.6099,197.74,35.75,586
PROD00009702,Books,1,0,0.0,0.6098,111.21,45.85,587
PROD00007173,Books,1,1,100.0,0.6095,11.96,30.92,588
PROD00006364,Clothing,1,1,100.0,0.6094,41.76,13.56,589
PROD00008270,Toys,1,0,0.0,0.6094,293.33,32.71,590
PROD00001763,Electronics,1,0,0.0,0.6093,196.11,47.97,591
PROD00005172,Toys,1,1,100.0,0.6092,443.82,34.51,592
PROD00006394,Clothing,1,0,0.0,0.6092,279.64,0.79,593
PROD00009562,Clothing,1,0,0.0,0.6092,113.43,9.03,594
PROD00009017,Electronics,1,1,100.0,0.6091,53.89,43.54,595
PROD00009950,Clothing,1,1,100.0,0.6091,16.52,16.19,596
PROD00003261,Toys,1,0,0.0,0.609,270.58,7.4,597
PROD00006816,Home,1,1,100.0,0.6088,487.42,35.61,598
PROD00004751,Clothing,1,0,0.0,0.6087,154.81,36.75,599
PROD00009603,Clothing,1,1,100.0,0.6087,457.37,45.26,600
PROD00007487,Home,1,1,100.0,0.6087,271.9,9.63,601
PROD00005839,Clothing,1,0,0.0,0.6087,63.9,1.3,602
PROD00004015,Clothing,1,0,0.0,0.6086,27.4,44.26,603
PROD00000118,Books,1,1,100.0,0.6086,91.84,31.58,604
PROD00000653,Books,1,0,0.0,0.6085,150.54,39.66,605
PROD00008229,Toys,1,1,100.0,0.6085,243.27,5.16,606
PROD00001400,Clothing,1,1,100.0,0.6085,180.4,42.25,607
PROD00002079,Clothing,1,0,0.0,0.6085,417.16,16.49,608
PROD00009422,Electronics,1,1,100.0,0.6084,109.25,45.5,609
PROD00006338,Electronics,1,0,0.0,0.6083,25.31,16.76,610
PROD00000891,Books,1,1,100.0,0.6083,359.94,31.9,611
PROD00001569,Clothing,1,1,100.0,0.6083,39.23,45.56,612
PROD00008607,Books,1,1,100.0,0.6083,300.47,30.15,613
PROD00004577,Home,1,0,0.0,0.6082,314.49,8.86,614
PROD00008598,Clothing,1,1,100.0,0.6082,103.42,6.75,615
PROD00004934,Electronics,1,1,100.0,0.6082,198.52,17.5,616
PROD00002393,Home,1,1,100.0,0.6082,460.87,38.62,617
PROD00000243,Clothing,1,1,100.0,0.6081,246.71,1.18,618
PROD00008929,Books,1,0,0.0,0.6079,147.86,45.66,619
PROD00006777,Books,1,1,100.0,0.6078,413.05,28.46,620
PROD00003213,Books,1,0,0.0,0.6078,418.47,37.55,621
PROD00006255,Electronics,1,1,100.0,0.6076,396.7,13.21,622
PROD00005175,Electronics,1,0,0.0,0.6076,81.15,13.1,623
PROD00009368,Home,1,0,0.0,0.6075,8.0,32.46,624
PROD00008496,Toys,1,0,0.0,0.6075,465.6,44.51,625
PROD00004141,Clothing,1,0,0.0,0.6075,68.24,43.64,626
PROD00001977,Clothing,1,1,100.0,0.6075,241.08,6.76,627
PROD00004199,Clothing,1,0,0.0,0.6075,196.58,0.8,628
PROD00006450,Home,1,0,0.0,0.6074,160.68,3.25,629
PROD00009007,Electronics,1,0,0.0,0.6073,458.81,34.03,630
PROD00006927,Electronics,1,1,100.0,0.6073,25.1,16.8,631
PROD00006031,Clothing,1,0,0.0,0.6072,485.23,16.42,632
PROD00000056,Electronics,1,0,0.0,0.6072,353.51,17.72,633
PROD00001582,Electronics,1,0,0.0,0.6072,39.4,16.21,634
PROD00006895,Clothing,1,1,100.0,0.6071,224.79,46.6,635
PROD00008341,Electronics,1,0,0.0,0.6071,192.01,46.17,636
PROD00001114,Books,1,1,100.0,0.6071,87.22,18.48,637
PROD00003688,Clothing,1,1,100.0,0.6071,130.88,1.56,638
PROD00005907,Electronics,1,1,100.0,0.607,379.83,40.97,639
PROD00004809,Toys,1,1,100.0,0.6069,171.03,5.7,640
PROD00003420,Home,1,1,100.0,0.6069,103.33,40.5,641
PROD00001304,Electronics,1,0,0.0,0.6069,129.12,28.1,642
PROD00009666,Electronics,1,0,0.0,0.6068,176.06,6.38,643
PROD00009920,Home,1,1,100.0,0.6068,397.71,17.38,644
PROD00006826,Toys,1,0,0.0,0.6067,456.18,41.33,645
PROD00009088,Books,1,1,100.0,0.6066,450.89,49.44,646
PROD00005878,Clothing,1,0,0.0,0.6065,72.1,36.0,647
PROD00009320,Electronics,1,0,0.0,0.6065,77.41,37.74,648
PROD00003514,Books,1,0,0.0,0.6065,171.8,20.37,649
PROD00003677,Clothing,1,1,100.0,0.6064,356.06,12.46,650
PROD00006389,Clothing,1,0,0.0,0.6063,313.92,16.86,651
PROD00006293,Electronics,1,1,100.0,0.6063,67.32,1.78,652
PROD00008361,Home,1,1,100.0,0.6063,141.1,27.19,653
PROD00002006,Electronics,1,0,0.0,0.6062,404.06,15.77,654
PROD00005240,Clothing,1,1,100.0,0.6061,178.53,41.81,655
PROD00002181,Books,1,1,100.0,0.6061,73.98,10.59,656
PROD00006045,Clothing,1,1,100.0,0.606,125.16,22.16,657
PROD00003048,Books,1,1,100.0,0.606,179.73,1.72,658
PROD00005232,Clothing,1,1,100.0,0.6059,112.26,31.91,659
PROD00007817,Home,1,1,100.0,0.6059,101.21,27.13,660
PROD00007668,Electronics,1,0,0.0,0.6058,217.4,36.75,661
PROD00007989,Home,1,1,100.0,0.6057,286.1,4.58,662
PROD00006815,Books,1,1,100.0,0.6056,352.88,28.08,663
PROD00006652,Clothing,1,0,0.0,0.6056,325.17,6.95,664
PROD00002841,Books,1,1,100.0,0.6056,257.29,18.57,665
PROD00000192,Clothing,1,0,0.0,0.6056,178.98,21.41,666
PROD00005506,Toys,1,0,0.0,0.6055,220.38,25.96,667
PROD00005332,Books,1,1,100.0,0.6055,217.66,47.37,668
PROD00009141,Home,1,1,100.0,0.6055,442.44,30.89,669
PROD00006291,Home,1,1,100.0,0.6054,277.94,11.37,670
PROD00003950,Clothing,1,1,100.0,0.6053,222.05,8.77,671
PROD00008403,Home,1,1,100.0,0.6053,407.05,14.7,672
PROD00003081,Clothing,1,1,100.0,0.6053,277.94,24.73,673
PROD00005247,Home,1,0,0.0,0.6053,274.59,22.76,674
PROD00008784,Electronics,1,1,100.0,0.6052,343.39,33.71,675
PROD00003899,Electronics,1,0,0.0,0.6052,360.96,4.55,676
PROD00006500,Clothing,1,1,100.0,0.6052,251.13,23.98,677
PROD00006773,Clothing,1,0,0.0,0.6052,200.74,19.74,678
PROD00002078,Toys,1,1,100.0,0.6052,470.36,21.25,679
PROD00003811,Toys,1,1,100.0,0.6051,54.48,35.14,680
PROD00007931,Electronics,1,1,100.0,0.6051,473.83,40.12,681
PROD00008788,Toys,1,1,100.0,0.605,67.49,27.24,682
PROD00003465,Books,1,0,0.0,0.605,359.54,31.62,683
PROD00005981,Clothing,1,0,0.0,0.6049,81.4,46.44,684
PROD00007195,Home,1,1,100.0,0.6048,415.97,27.23,685
PROD00003106,Home,1,1,100.0,0.6048,47.29,18.85,686
PROD00003018,Home,1,0,0.0,0.6048,216.48,36.02,687
PROD00008891,Clothing,1,0,0.0,0.6047,11.44,22.2,688
PROD00008999,Books,1,1,100.0,0.6047,441.33,49.97,689
PROD00008885,Electronics,1,0,0.0,0.6045,267.72,45.31,690
PROD00004931,Toys,1,1,100.0,0.6045,33.22,47.87,691
PROD00006391,Clothing,1,0,0.0,0.6044,58.92,30.49,692
PROD00000921,Electronics,1,0,0.0,0.6044,5.46,9.32,693
PROD00000457,Electronics,1,0,0.0,0.6043,297.63,45.52,694
PROD00006453,Clothing,1,0,0.0,0.6042,213.52,41.35,695
PROD00009128,Clothing,1,1,100.0,0.604,36.6,19.15,696
PROD00005501,Home,1,1,100.0,0.6038,132.62,31.92,697
PROD00008137,Clothing,1,1,100.0,0.6036,79.85,49.91,698
PROD00005689,Clothing,1,0,0.0,0.6035,337.82,37.97,699
PROD00004515,Clothing,1,1,100.0,0.6035,365.33,8.19,700
PROD00002263,Clothing,1,0,0.0,0.6035,55.65,33.91,701
PROD00003947,Electronics,1,0,0.0,0.6034,221.12,11.32,702
PROD00003093,Home,1,1,100.0,0.6034,232.22,16.06,703
PROD00007779,Clothing,1,1,100.0,0.6034,377.28,35.17,704
PROD00006538,Home,1,1,100.0,0.6034,99.16,37.82,705
PROD00005925,Books,1,0,0.0,0.6033,78.04,39.63,706
PROD00006650,Clothing,1,1,100.0,0.6033,421.61,33.65,707
PROD00007811,Home,1,1,100.0,0.6031,27.45,43.92,708
PROD00009162,Clothing,1,1,100.0,0.6031,183.95,17.02,709
PROD00009302,Clothing,1,0,0.0,0.6031,252.57,37.03,710
PROD00004683,Electronics,1,0,0.0,0.6031,225.55,0.43,711
PROD00005044,Electronics,1,1,100.0,0.603,346.75,2.66,712
PROD00008371,Toys,1,1,100.0,0.603,145.73,48.62,713
PROD00009338,Clothing,1,1,100.0,0.603,386.51,11.79,714
PROD00006077,Home,1,0,0.0,0.603,198.78,39.51,715
PROD00006900,Clothing,1,0,0.0,0.603,221.42,3.44,716
PROD00003221,Books,1,1,100.0,0.603,305.99,4.05,717
PROD00002385,Home,1,0,0.0,0.6029,395.83,23.44,718
PROD00003850,Toys,1,1,100.0,0.6029,373.95,21.39,719
PROD00001073,Toys,1,1,100.0,0.6027,12.24,23.63,720
PROD00003693,Electronics,1,0,0.0,0.6026,18.21,13.19,721
PROD00007329,Home,1,1,100.0,0.6026,43.58,12.63,722
PROD00006312,Electronics,1,1,100.0,0.6025,492.65,15.26,723
PROD00001539,Electronics,1,1,100.0,0.6025,447.6,9.16,724
PROD00006685,Electronics,1,0,0.0,0.6025,28.62,43.16,725
PROD00008965,Clothing,1,1,100.0,0.6024,185.11,15.48,726
PROD00007906,Clothing,1,0,0.0,0.6023,185.12,28.33,727
PROD00009798,Toys,1,1,100.0,0.6023,75.53,48.52,728
PROD00007913,Home,1,0,0.0,0.6023,327.61,39.16,729
PROD00007050,Electronics,1,1,100.0,0.6023,77.38,26.84,730
PROD00008118,Clothing,1,1,100.0,0.6023,86.2,22.95,731
PROD00004649,Home,1,1,100.0,0.6022,351.24,37.35,732
PROD00001335,Books,1,1,100.0,0.6022,63.69,21.45,733
PROD00006958,Clothing,1,0,0.0,0.6021,321.94,41.41,734
PROD00003119,Electronics,1,0,0.0,0.6021,74.64,19.87,735
PROD00003801,Books,1,1,100.0,0.6021,308.8,42.92,736
PROD00002732,Toys,1,0,0.0,0.6021,383.42,49.12,737
PROD00003940,Books,1,1,100.0,0.602,371.52,47.98,738
PROD00002593,Home,1,0,0.0,0.6019,316.56,29.37,739
PROD00009031,Home,1,1,100.0,0.6019,116.37,21.57,740
PROD00007079,Toys,1,1,100.0,0.6018,290.87,14.04,741
PROD00001193,Clothing,1,0,0.0,0.6018,459.98,17.61,742
PROD00002636,Electronics,1,1,100.0,0.6018,236.4,14.65,743
PROD00006922,Home,1,1,100.0,0.6018,432.79,43.71,744
PROD00002883,Books,1,1,100.0,0.6018,223.96,16.19,745
PROD00009290,Home,1,1,100.0,0.6018,90.91,10.01,746
PROD00008222,Home,1,0,0.0,0.6017,256.64,47.29,747
PROD00006084,Electronics,1,1,100.0,0.6017,105.83,3.41,748
PROD00001351,Clothing,1,0,0.0,0.6016,476.67,48.98,749
PROD00002370,Clothing,1,1,100.0,0.6016,125.13,28.15,750
PROD00002564,Clothing,1,0,0.0,0.6016,422.06,5.36,751
PROD00008029,Toys,1,1,100.0,0.6016,223.5,18.7,752
PROD00009797,Books,1,0,0.0,0.6016,346.65,13.36,753
PROD00000330,Electronics,1,0,0.0,0.6015,383.5,31.18,754
PROD00007717,Toys,1,1,100.0,0.6015,153.7,46.01,755
PROD00007929,Clothing,1,0,0.0,0.6015,302.39,39.03,756
PROD00002042,Home,1,1,100.0,0.6015,103.21,11.13,757
PROD00001170,Books,1,0,0.0,0.6014,329.11,2.78,758
PROD00000652,Electronics,1,1,100.0,0.6014,175.33,22.19,759
PROD00002435,Home,1,0,0.0,0.6013,185.23,24.68,760
PROD00004129,Electronics,1,1,100.0,0.6012,380.22,1.19,761
PROD00001982,Clothing,1,0,0.0,0.6012,320.18,40.96,762
PROD00007667,Clothing,1,1,100.0,0.6012,289.81,33.69,763
PROD00004638,Books,1,1,100.0,0.6011,60.27,29.33,764
PROD00008740,Electronics,1,1,100.0,0.601,79.44,20.67,765
PROD00001290,Home,1,1,100.0,0.601,160.06,37.27,766
PROD00005025,Books,1,1,100.0,0.6009,296.48,19.87,767
PROD00005364,Home,1,1,100.0,0.6008,109.61,4.42,768
PROD00006604,Toys,1,1,100.0,0.6008,459.4,46.92,769
PROD00005569,Electronics,1,1,100.0,0.6007,159.18,14.37,770
PROD00005636,Clothing,1,1,100.0,0.6007,84.36,38.22,771
PROD00002143,Home,1,0,0.0,0.6007,21.41,46.74,772
PROD00004877,Toys,1,0,0.0,0.6006,382.05,16.52,773
PROD00004742,Electronics,1,1,100.0,0.6006,471.84,1.24,774
PROD00001856,Toys,1,1,100.0,0.6006,430.34,15.63,775
PROD00004475,Books,1,0,0.0,0.6006,218.97,3.4,776
PROD00003399,Clothing,1,0,0.0,0.6006,421.56,42.73,777
PROD00004629,Books,1,0,0.0,0.6005,273.84,25.39,778
PROD00007059,Books,1,0,0.0,0.6005,8.07,7.41,779
PROD00009922,Clothing,1,0,0.0,0.6004,382.63,13.51,780
PROD00002650,Home,1,0,0.0,0.6004,87.75,35.49,781
PROD00004779,Home,1,0,0.0,0.6004,48.69,18.21,782
PROD00005292,Home,1,1,100.0,0.6004,90.5,43.08,783
PROD00002697,Books,1,0,0.0,0.6004,263.1,41.84,784
PROD00003489,Electronics,1,1,100.0,0.6004,60.34,25.94,785
PROD00004376,Home,1,0,0.0,0.6004,393.71,27.5,786
PROD00007076,Clothing,1,0,0.0,0.6003,306.15,39.46,787
PROD00000847,Books,1,0,0.0,0.6003,261.33,29.14,788
PROD00008172,Clothing,1,0,0.0,0.6002,64.27,43.35,789
PROD00006181,Books,1,1,100.0,0.6002,361.48,45.19,790
PROD00004452,Home,1,0,0.0,0.6002,82.81,25.51,791
PROD00002090,Home,1,1,100.0,0.6002,248.85,32.38,792
PROD00006986,Clothing,1,1,100.0,0.6001,44.19,38.51,793
PROD00004462,Clothing,1,0,0.0,0.6,182.41,0.76,794
PROD00006443,Electronics,1,1,100.0,0.5999,307.35,26.85,795
PROD00000655,Books,1,0,0.0,0.5998,140.72,4.09,796
PROD00006237,Clothing,1,0,0.0,0.5998,287.7,17.69,797
PROD00004661,Electronics,1,1,100.0,0.5998,250.32,8.45,798
PROD00004652,Electronics,1,0,0.0,0.5998,497.97,25.59,799
PROD00002466,Books,1,1,100.0,0.5998,203.26,45.75,800
PROD00004827,Books,1,0,0.0,0.5998,107.4,43.57,801
PROD00002738,Electronics,1,1,100.0,0.5997,328.79,29.85,802
PROD00003649,Clothing,1,0,0.0,0.5997,478.44,39.25,803
PROD00000081,Clothing,1,1,100.0,0.5997,429.47,44.36,804
PROD00002447,Books,1,0,0.0,0.5996,100.2,31.93,805
PROD00006796,Home,1,1,100.0,0.5996,59.23,19.03,806
PROD00005043,Home,1,1,100.0,0.5995,473.54,35.78,807
PROD00006589,Clothing,1,0,0.0,0.5995,69.72,42.09,808
PROD00002114,Books,1,0,0.0,0.5995,85.24,3.89,809
PROD00001924,Electronics,1,1,100.0,0.5994,6.36,39.07,810
PROD00000631,Electronics,1,1,100.0,0.5993,404.88,41.07,811
PROD00001126,Home,1,0,0.0,0.5992,249.42,46.98,812
PROD00007610,Books,1,0,0.0,0.5991,45.27,37.59,813
PROD00000435,Electronics,1,0,0.0,0.5991,411.2,34.52,814
PROD00004932,Clothing,1,0,0.0,0.5991,76.88,42.06,815
PROD00000698,Books,1,0,0.0,0.5991,183.32,21.29,816
PROD00001067,Home,1,1,100.0,0.599,144.91,34.91,817
PROD00007590,Electronics,1,0,0.0,0.599,90.36,31.84,818
PROD00006708,Books,1,0,0.0,0.599,372.3,23.68,819
PROD00003198,Books,1,0,0.0,0.599,42.92,23.73,820
PROD00000642,Electronics,1,1,100.0,0.5988,257.68,12.1,821
PROD00007598,Clothing,1,0,0.0,0.5987,418.95,20.56,822
PROD00001448,Home,1,1,100.0,0.5987,10.79,31.73,823
PROD00006276,Clothing,1,1,100.0,0.5987,140.86,18.11,824
PROD00005717,Home,1,0,0.0,0.5986,217.15,16.6,825
PROD00002517,Clothing,1,1,100.0,0.5986,312.33,47.97,826
PROD00009001,Toys,1,0,0.0,0.5986,195.46,30.46,827
PROD00004460,Home,1,1,100.0,0.5986,190.5,13.13,828
PROD00004908,Toys,1,1,100.0,0.5984,259.16,28.23,829
PROD00005998,Home,1,0,0.0,0.5984,88.92,26.89,830
PROD00003418,Clothing,1,0,0.0,0.5983,369.12,5.56,831
PROD00005190,Books,1,1,100.0,0.5983,76.93,5.07,832
PROD00005145,Clothing,1,0,0.0,0.5983,7.17,49.11,833
PROD00004263,Clothing,1,0,0.0,0.5983,164.15,47.03,834
PROD00000647,Clothing,1,0,0.0,0.5983,439.18,24.71,835
PROD00002744,Clothing,1,1,100.0,0.5982,283.92,39.84,836
PROD00007957,Toys,1,1,100.0,0.5982,28.9,5.94,837
PROD00003824,Home,1,0,0.0,0.5981,231.4,38.7,838
PROD00007327,Clothing,1,0,0.0,0.5981,313.72,13.86,839
PROD00004147,Electronics,1,0,0.0,0.5981,330.33,28.01,840
PROD00009406,Home,1,1,100.0,0.5981,473.16,7.28,841
PROD00003381,Toys,1,0,0.0,0.598,169.05,28.59,842
PROD00003985,Electronics,1,1,100.0,0.598,26.9,19.15,843
PROD00006722,Books,1,0,0.0,0.5979,383.14,21.96,844
PROD00008935,Clothing,1,1,100.0,0.5979,496.1,41.01,845
PROD00006044,Books,1,0,0.0,0.5979,485.36,39.33,846
PROD00005470,Books,1,0,0.0,0.5979,76.93,46.5,847
PROD00000970,Clothing,1,0,0.0,0.5978,213.75,30.05,848
PROD00006670,Electronics,1,0,0.0,0.5978,479.53,4.11,849
PROD00003921,Toys,1,1,100.0,0.5978,498.64,39.14,850
PROD00003063,Books,1,0,0.0,0.5978,39.38,12.59,851
PROD00005525,Clothing,1,0,0.0,0.5977,121.07,20.61,852
PROD00005720,Toys,1,1,100.0,0.5977,158.11,43.11,853
PROD00003321,Books,1,1,100.0,0.5976,472.15,30.69,854
PROD00003185,Toys,1,0,0.0,0.5976,377.86,41.34,855
PROD00006075,Books,1,1,100.0,0.5976,77.81,31.18,856
PROD00009226,Clothing,1,0,0.0,0.5976,145.58,25.09,857
PROD00004989,Electronics,1,0,0.0,0.5975,221.15,19.82,858
PROD00009487,Clothing,1,1,100.0,0.5975,260.39,14.64,859
PROD00003002,Clothing,1,1,100.0,0.5975,438.28,20.57,860
PROD00005877,Books,1,1,100.0,0.5975,136.42,31.32,861
PROD00007768,Books,1,0,0.0,0.5975,343.86,13.83,862
PROD00004192,Clothing,1,0,0.0,0.5974,245.65,46.78,863
PROD00008948,Home,1,1,100.0,0.5974,198.84,15.01,864
PROD00006533,Home,1,0,0.0,0.5974,243.67,39.48,865
PROD00002864,Electronics,1,0,0.0,0.5974,475.84,42.43,866
PROD00009744,Home,1,1,100.0,0.5974,387.52,2.76,867
PROD00002387,Clothing,1,0,0.0,0.5974,489.03,49.2,868
PROD00003874,Books,1,0,0.0,0.5974,64.17,16.56,869
PROD00008773,Clothing,1,0,0.0,0.5974,457.86,42.99,870
PROD00003694,Books,1,0,0.0,0.5974,125.73,12.8,871
PROD00002111,Electronics,1,1,100.0,0.5974,335.96,48.18,872
PROD00009417,Clothing,1,1,100.0,0.5974,196.97,32.05,873
PROD00009206,Toys,1,0,0.0,0.5973,468.41,38.5,874
PROD00008230,Clothing,1,1,100.0,0.5973,224.81,0.34,875
PROD00008572,Toys,1,1,100.0,0.5973,388.73,27.6,876
PROD00001561,Electronics,1,1,100.0,0.5973,205.52,49.99,877
PROD00000339,Electronics,1,0,0.0,0.5973,58.79,44.29,878
PROD00004035,Books,1,1,100.0,0.5972,472.02,28.26,879
PROD00004221,Toys,1,0,0.0,0.5971,269.52,14.9,880
PROD00000769,Clothing,1,0,0.0,0.5971,29.51,3.39,881
PROD00002667,Electronics,1,1,100.0,0.5971,88.54,26.03,882
PROD00000578,Electronics,1,0,0.0,0.5971,110.69,12.21,883
PROD00008821,Home,1,1,100.0,0.597,45.74,11.47,884
PROD00008344,Toys,1,0,0.0,0.5969,119.76,29.07,885
PROD00009025,Electronics,1,1,100.0,0.5969,202.74,7.65,886
PROD00000376,Clothing,1,1,100.0,0.5969,363.54,46.68,887
PROD00002903,Books,1,1,100.0,0.5969,263.53,40.19,888
PROD00004124,Electronics,1,1,100.0,0.5969,283.39,30.49,889
PROD00006402,Clothing,1,1,100.0,0.5968,226.83,43.96,890
PROD00005413,Toys,1,1,100.0,0.5968,414.28,30.5,891
PROD00005691,Books,1,0,0.0,0.5968,323.43,25.4,892
PROD00001064,Electronics,1,0,0.0,0.5968,419.47,40.03,893
PROD00004741,Home,1,0,0.0,0.5968,15.85,9.08,894
PROD00001988,Toys,1,1,100.0,0.5967,238.17,35.53,895
PROD00001076,Electronics,1,0,0.0,0.5967,226.96,48.15,896
PROD00003843,Home,1,0,0.0,0.5966,358.26,15.5,897
PROD00005109,Toys,1,0,0.0,0.5966,239.99,41.41,898
PROD00002381,Toys,1,0,0.0,0.5965,114.63,49.14,899
PROD00004121,Books,1,1,100.0,0.5965,372.05,30.47,900
PROD00007854,Toys,1,1,100.0,0.5964,182.98,26.35,901
PROD00004065,Electronics,1,0,0.0,0.5964,279.01,20.41,902
PROD00004027,Toys,1,1,100.0,0.5962,39.38,43.8,903
PROD00000473,Home,1,0,0.0,0.5962,431.69,46.62,904
PROD00007335,Clothing,1,1,100.0,0.5962,91.54,31.41,905
PROD00008351,Electronics,1,1,100.0,0.5962,493.75,24.15,906
PROD00004862,Clothing,1,1,100.0,0.5962,19.98,9.51,907
PROD00002993,Clothing,1,1,100.0,0.5962,368.99,29.33,908
PROD00009762,Home,1,0,0.0,0.596,492.41,44.88,909
PROD00009866,Clothing,1,0,0.0,0.5958,222.84,9.21,910
PROD00006173,Clothing,1,1,100.0,0.5957,33.63,16.08,911
PROD00000938,Books,1,1,100.0,0.5957,167.34,44.16,912
PROD00005914,Electronics,1,0,0.0,0.5956,110.44,25.1,913
PROD00007620,Home,1,1,100.0,0.5956,371.99,36.2,914
PROD00004325,Clothing,1,0,0.0,0.5956,121.7,35.63,915
PROD00000418,Home,1,1,100.0,0.5956,198.17,30.62,916
PROD00006653,Books,1,1,100.0,0.5956,145.37,8.67,917
PROD00005733,Clothing,1,1,100.0,0.5956,171.57,37.34,918
PROD00002737,Electronics,1,1,100.0,0.5955,37.19,22.68,919
PROD00006755,Home,1,0,0.0,0.5955,124.53,9.19,920
PROD00004132,Home,1,1,100.0,0.5955,266.19,48.99,921
PROD00008415,Electronics,1,1,100.0,0.5955,219.27,39.84,922
PROD00006490,Clothing,1,0,0.0,0.5955,337.11,5.26,923
PROD00005419,Home,1,1,100.0,0.5955,379.3,17.67,924
PROD00003345,Clothing,1,0,0.0,0.5955,234.71,31.07,925
PROD00006736,Home,1,1,100.0,0.5955,207.73,46.17,926
PROD00005106,Clothing,1,0,0.0,0.5954,24.92,2.06,927
PROD00002520,Electronics,1,0,0.0,0.5954,332.23,9.65,928
PROD00006614,Clothing,1,0,0.0,0.5954,101.94,39.61,929
PROD00008503,Home,1,0,0.0,0.5953,266.2,37.24,930
PROD00000115,Toys,1,1,100.0,0.5953,197.66,42.31,931
PROD00008616,Electronics,1,0,0.0,0.5953,65.17,5.93,932
PROD00001831,Home,1,1,100.0,0.5953,168.91,42.55,933
PROD00008541,Toys,1,1,100.0,0.5953,436.91,29.1,934
PROD00007951,Home,1,0,0.0,0.5953,156.55,28.82,935
PROD00001590,Books,1,0,0.0,0.5952,46.8,41.31,936
PROD00006789,Toys,1,1,100.0,0.5952,129.22,45.91,937
PROD00004606,Home,1,1,100.0,0.5952,489.22,22.82,938
PROD00005283,Electronics,1,1,100.0,0.5952,72.71,28.17,939
PROD00001842,Toys,1,0,0.0,0.5952,198.84,12.06,940
PROD00000284,Clothing,1,1,100.0,0.5952,389.91,35.5,941
PROD00006619,Books,1,1,100.0,0.5951,51.54,1.91,942
PROD00001986,Electronics,1,0,0.0,0.595,86.08,11.54,943
PROD00003747,Books,1,0,0.0,0.595,152.19,44.06,944
PROD00004061,Toys,1,1,100.0,0.5949,28.44,17.07,945
PROD00003717,Books,1,0,0.0,0.5949,170.27,32.42,946
PROD00003608,Clothing,1,0,0.0,0.5948,390.59,32.91,947
PROD00007593,Books,1,1,100.0,0.5948,220.14,20.45,948
PROD00007045,Home,1,0,0.0,0.5948,147.65,17.21,949
PROD00002102,Toys,1,0,0.0,0.5947,80.05,48.51,950
PROD00005056,Books,1,0,0.0,0.5947,461.65,45.51,951
PROD00003403,Clothing,1,1,100.0,0.5946,78.18,0.22,952
PROD00009752,Toys,1,1,100.0,0.5946,313.85,41.45,953
PROD00004362,Books,1,1,100.0,0.5945,478.96,10.0,954
PROD00004002,Clothing,1,1,100.0,0.5945,30.63,4.08,955
PROD00002157,Books,1,1,100.0,0.5944,43.77,7.91,956
PROD00006139,Home,1,1,100.0,0.5944,242.26,26.1,957
PROD00009771,Clothing,1,0,0.0,0.5944,142.08,26.87,958
PROD00003456,Home,1,0,0.0,0.5943,11.62,16.47,959
PROD00001878,Home,1,0,0.0,0.5942,186.49,28.96,960
PROD00005454,Clothing,1,1,100.0,0.5942,385.3,36.52,961
PROD00005088,Home,1,0,0.0,0.5942,397.76,35.95,962
PROD00002615,Books,1,1,100.0,0.594,56.73,25.52,963
PROD00000399,Home,1,0,0.0,0.594,194.5,12.27,964
PROD00008812,Home,1,0,0.0,0.594,222.14,48.78,965
PROD00002425,Electronics,1,1,100.0,0.5939,222.16,20.42,966
PROD00009717,Clothing,1,1,100.0,0.5939,356.94,16.04,967
PROD00007829,Electronics,1,0,0.0,0.5939,121.67,4.38,968
PROD00007314,Electronics,1,1,100.0,0.5939,448.34,3.66,969
PROD00008530,Books,1,0,0.0,0.5939,445.62,28.54,970
PROD00002980,Electronics,1,1,100.0,0.5938,345.0,19.7,971
PROD00000161,Books,1,0,0.0,0.5938,32.48,9.27,972
PROD00007797,Books,1,1,100.0,0.5938,183.19,40.78,973
PROD00001827,Clothing,1,1,100.0,0.5937,437.88,36.86,974
PROD00002045,Home,1,0,0.0,0.5937,85.87,36.96,975
PROD00004414,Clothing,1,0,0.0,0.5936,253.3,44.99,976
PROD00006071,Electronics,1,0,0.0,0.5936,222.06,34.22,977
PROD00009000,Electronics,1,1,100.0,0.5935,487.96,12.02,978
PROD00006854,Home,1,1,100.0,0.5935,81.87,0.76,979
PROD00009102,Electronics,1,0,0.0,0.5934,217.16,33.38,980
PROD00009549,Home,1,0,0.0,0.5934,205.71,19.49,981
PROD00008685,Books,1,1,100.0,0.5934,239.82,24.87,982
PROD00004614,Home,1,1,100.0,0.5933,27.16,28.78,983
PROD00009802,Home,1,1,100.0,0.5933,24.7,31.61,984
PROD00005143,Electronics,1,1,100.0,0.5933,71.13,8.88,985
PROD00007803,Books,1,1,100.0,0.5933,356.06,39.82,986
PROD00008767,Home,1,1,100.0,0.5932,187.26,31.61,987
PROD00002746,Clothing,1,1,100.0,0.5931,126.56,45.83,988
PROD00003548,Clothing,1,1,100.0,0.5931,178.46,26.91,989
PROD00009644,Electronics,1,0,0.0,0.593,76.78,45.7,990
PROD00004412,Home,1,1,100.0,0.593,433.29,44.32,991
PROD00001639,Toys,1,1,100.0,0.593,286.96,5.45,992
PROD00003868,Clothing,1,1,100.0,0.593,37.05,25.79,993
PROD00009677,Electronics,1,1,100.0,0.5929,395.35,23.57,994
PROD00002327,Electronics,1,1,100.0,0.5927,102.92,27.9,995
PROD00003743,Books,1,1,100.0,0.5927,198.28,44.0,996
PROD00001964,Books,1,0,0.0,0.5927,482.64,17.64,997
PROD00008954,Home,1,1,100.0,0.5927,466.63,40.39,998
PROD00002506,Clothing,1,1,100.0,0.5926,130.85,45.09,999
PROD00009881,Clothing,1,0,0.0,0.5926,478.85,33.93,1000
PROD00007156,Home,1,1,100.0,0.5926,80.86,27.25,1001
PROD00008433,Electronics,1,1,100.0,0.5925,184.59,37.81,1002
PROD00008908,Books,1,0,0.0,0.5925,498.71,21.4,1003
PROD00003164,Electronics,1,1,100.0,0.5925,25.93,43.49,1004
PROD00009875,Books,1,1,100.0,0.5924,440.2,26.51,1005
PROD00009437,Electronics,1,0,0.0,0.5923,183.59,46.11,1006
PROD00003561,Clothing,1,0,0.0,0.5923,446.92,33.13,1007
PROD00000583,Toys,1,1,100.0,0.5923,460.49,4.81,1008
PROD00002300,Electronics,1,1,100.0,0.5921,176.4,20.95,1009
PROD00001960,Home,1,0,0.0,0.592,73.19,12.41,1010
PROD00005707,Clothing,1,1,100.0,0.592,348.47,21.24,1011
PROD00003309,Books,1,0,0.0,0.5919,272.21,39.93,1012
PROD00001108,Books,1,1,100.0,0.5919,395.24,36.55,1013
PROD00006416,Toys,1,1,100.0,0.5918,299.88,19.53,1014
PROD00005374,Electronics,1,1,100.0,0.5918,10.68,3.56,1015
PROD00001694,Electronics,1,0,0.0,0.5918,332.05,41.15,1016
PROD00000310,Clothing,1,1,100.0,0.5918,365.89,26.27,1017
PROD00008659,Toys,1,0,0.0,0.5918,18.34,2.5,1018
PROD00003819,Clothing,1,0,0.0,0.5918,480.21,0.62,1019
PROD00006567,Books,1,1,100.0,0.5917,485.82,40.06,1020
PROD00004421,Books,1,0,0.0,0.5917,160.84,4.82,1021
PROD00000802,Books,1,1,100.0,0.5917,494.15,3.27,1022
PROD00009626,Home,1,1,100.0,0.5917,241.71,8.02,1023
PROD00000501,Electronics,1,0,0.0,0.5916,121.71,41.59,1024
PROD00006973,Toys,1,0,0.0,0.5916,187.45,37.67,1025
PROD00005814,Toys,1,0,0.0,0.5916,480.39,20.64,1026
PROD00005533,Electronics,1,1,100.0,0.5915,67.43,24.38,1027
PROD00006144,Home,1,1,100.0,0.5915,361.72,40.96,1028
PROD00004708,Clothing,1,0,0.0,0.5913,52.8,36.99,1029
PROD00002915,Home,1,0,0.0,0.5913,307.99,18.73,1030
PROD00002389,Toys,1,1,100.0,0.5912,401.2,1.7,1031
PROD00008515,Toys,1,0,0.0,0.5912,389.52,26.14,1032
PROD00001343,Toys,1,1,100.0,0.5911,420.2,49.1,1033
PROD00009997,Toys,1,0,0.0,0.5911,386.57,12.67,1034
PROD00004789,Electronics,1,1,100.0,0.591,110.61,30.46,1035
PROD00004904,Electronics,1,1,100.0,0.591,314.57,13.92,1036
PROD00001299,Toys,1,0,0.0,0.5909,279.73,11.21,1037
PROD00005512,Books,1,1,100.0,0.5908,155.5,16.49,1038
PROD00006628,Toys,1,1,100.0,0.5908,275.43,16.08,1039
PROD00006319,Books,1,0,0.0,0.5908,209.64,0.63,1040
PROD00000348,Clothing,1,0,0.0,0.5908,188.68,22.89,1041
PROD00003163,Electronics,1,1,100.0,0.5907,317.13,46.35,1042
PROD00009145,Home,1,0,0.0,0.5907,350.83,15.1,1043
PROD00004924,Toys,1,0,0.0,0.5907,447.33,49.72,1044
PROD00003888,Electronics,1,1,100.0,0.5907,130.74,21.18,1045
PROD00007229,Toys,1,1,100.0,0.5907,63.6,22.49,1046
PROD00002256,Home,1,0,0.0,0.5907,99.09,15.0,1047
PROD00005486,Clothing,1,1,100.0,0.5906,363.53,47.62,1048
PROD00009444,Clothing,1,1,100.0,0.5905,198.46,21.72,1049
PROD00003963,Books,1,1,100.0,0.5905,100.44,5.16,1050
PROD00006366,Toys,1,1,100.0,0.5905,203.0,19.86,1051
PROD00005806,Clothing,1,1,100.0,0.5905,119.1,20.57,1052
PROD00004905,Clothing,1,1,100.0,0.5905,235.41,5.81,1053
PROD00000532,Books,1,1,100.0,0.5905,362.05,33.55,1054
PROD00008835,Books,1,0,0.0,0.5904,416.13,12.42,1055
PROD00002715,Clothing,1,1,100.0,0.5903,108.29,22.11,1056
PROD00003952,Home,1,1,100.0,0.5903,155.55,12.95,1057
PROD00003859,Electronics,1,1,100.0,0.5903,443.66,37.81,1058
PROD00005355,Clothing,1,0,0.0,0.5903,215.76,11.29,1059
PROD00009843,Toys,1,1,100.0,0.5903,118.83,24.42,1060
PROD00008972,Toys,1,1,100.0,0.5903,264.98,29.94,1061
PROD00000731,Home,1,0,0.0,0.5903,214.66,48.8,1062
PROD00005967,Electronics,1,0,0.0,0.5903,83.42,35.17,1063
PROD00009942,Electronics,1,0,0.0,0.5902,107.39,11.82,1064
PROD00004327,Clothing,1,1,100.0,0.5901,124.05,8.35,1065
PROD00002502,Clothing,1,0,0.0,0.5901,362.86,1.68,1066
PROD00008681,Clothing,1,1,100.0,0.5901,147.57,21.96,1067
PROD00003479,Home,1,0,0.0,0.5901,108.51,45.98,1068
PROD00002604,Books,1,0,0.0,0.59,496.34,28.47,1069
PROD00001149,Electronics,1,1,100.0,0.59,423.17,9.75,1070
PROD00007999,Clothing,1,0,0.0,0.59,352.66,32.32,1071
PROD00007563,Clothing,1,1,100.0,0.59,72.03,16.58,1072
PROD00004063,Clothing,1,1,100.0,0.59,362.15,19.44,1073
PROD00007196,Electronics,1,0,0.0,0.59,87.98,33.67,1074
PROD00008749,Books,1,0,0.0,0.59,238.93,11.83,1075
PROD00000032,Toys,1,0,0.0,0.59,308.89,35.45,1076
PROD00008977,Clothing,1,0,0.0,0.5899,149.0,31.6,1077
PROD00000191,Toys,1,1,100.0,0.5899,323.29,40.46,1078
PROD00000279,Home,1,1,100.0,0.5899,418.05,48.85,1079
PROD00008840,Home,1,0,0.0,0.5898,27.11,33.39,1080
PROD00000444,Toys,1,0,0.0,0.5896,287.47,35.99,1081
PROD00008454,Home,1,1,100.0,0.5896,222.31,5.21,1082
PROD00003013,Electronics,1,1,100.0,0.5896,199.31,25.76,1083
PROD00001179,Toys,1,1,100.0,0.5895,404.27,35.26,1084
PROD00008052,Home,1,1,100.0,0.5895,447.55,35.76,1085
PROD00009442,Electronics,1,1,100.0,0.5895,173.0,1.11,1086
PROD00002932,Home,1,1,100.0,0.5894,494.77,36.99,1087
PROD00000950,Clothing,1,0,0.0,0.5894,14.17,41.7,1088
PROD00008207,Clothing,1,1,100.0,0.5893,21.23,3.59,1089
PROD00004613,Home,1,1,100.0,0.5892,176.89,36.21,1090
PROD00004053,Electronics,1,1,100.0,0.5892,341.37,11.12,1091
PROD00005431,Toys,1,1,100.0,0.5891,122.12,34.82,1092
PROD00004203,Clothing,1,0,0.0,0.5891,170.97,4.5,1093
PROD00009435,Home,1,0,0.0,0.5891,328.22,49.99,1094
PROD00004855,Books,1,0,0.0,0.5891,462.66,40.04,1095
PROD00003570,Books,1,1,100.0,0.589,314.76,41.79,1096
PROD00002427,Toys,1,0,0.0,0.589,62.28,7.88,1097
PROD00005080,Books,1,0,0.0,0.5889,38.8,2.06,1098
PROD00001241,Toys,1,0,0.0,0.5889,219.15,27.14,1099
PROD00009323,Toys,1,1,100.0,0.5889,5.8,10.48,1100
PROD00009133,Electronics,1,1,100.0,0.5889,466.7,9.51,1101
PROD00006094,Toys,1,1,100.0,0.5889,407.77,46.75,1102
PROD00004604,Electronics,1,1,100.0,0.5888,40.45,48.0,1103
PROD00004814,Books,1,1,100.0,0.5888,273.4,27.62,1104
PROD00002778,Electronics,1,1,100.0,0.5888,448.24,47.6,1105
PROD00002677,Electronics,1,0,0.0,0.5888,32.66,39.32,1106
PROD00006715,Clothing,1,1,100.0,0.5887,198.85,49.9,1107
PROD00000756,Home,1,0,0.0,0.5887,395.32,16.72,1108
PROD00000074,Toys,1,0,0.0,0.5886,84.9,46.26,1109
PROD00003379,Electronics,1,0,0.0,0.5886,482.0,28.9,1110
PROD00003748,Home,1,0,0.0,0.5885,152.9,39.26,1111
PROD00005722,Home,1,1,100.0,0.5885,158.89,21.94,1112
PROD00008453,Books,1,1,100.0,0.5884,339.7,47.43,1113
PROD00004476,Home,1,0,0.0,0.5882,119.16,39.25,1114
PROD00007815,Clothing,1,1,100.0,0.5882,414.21,19.34,1115
PROD00007349,Books,1,1,100.0,0.5882,83.92,36.77,1116
PROD00001275,Electronics,1,1,100.0,0.5882,69.83,28.03,1117
PROD00005110,Home,1,0,0.0,0.5881,229.47,29.91,1118
PROD00008708,Toys,1,0,0.0,0.5881,242.09,46.59,1119
PROD00000241,Clothing,1,1,100.0,0.5881,151.4,39.16,1120
PROD00003392,Toys,1,1,100.0,0.5881,205.52,42.88,1121
PROD00009502,Home,1,1,100.0,0.5881,78.91,40.79,1122
PROD00007966,Books,1,0,0.0,0.588,190.37,35.37,1123
PROD00005852,Electronics,1,1,100.0,0.5879,430.42,26.48,1124
PROD00008477,Home,1,1,100.0,0.5879,288.72,40.02,1125
PROD00003766,Electronics,1,1,100.0,0.5878,28.33,49.37,1126
PROD00009651,Electronics,1,1,100.0,0.5878,296.91,3.27,1127
PROD00008633,Clothing,1,1,100.0,0.5878,250.41,29.79,1128
PROD00001443,Clothing,1,0,0.0,0.5877,229.06,31.38,1129
PROD00006734,Electronics,1,0,0.0,0.5877,344.84,30.01,1130
PROD00003756,Clothing,1,1,100.0,0.5876,273.16,0.01,1131
PROD00005820,Electronics,1,0,0.0,0.5875,367.61,32.94,1132
PROD00006160,Toys,1,1,100.0,0.5875,316.19,35.65,1133
PROD00002272,Clothing,1,0,0.0,0.5874,36.64,18.96,1134
PROD00001707,Electronics,1,1,100.0,0.5874,40.04,47.02,1135
PROD00004223,Home,1,0,0.0,0.5873,217.67,24.97,1136
PROD00003861,Electronics,1,0,0.0,0.5873,288.27,4.45,1137
PROD00008418,Clothing,1,1,100.0,0.5873,269.4,16.94,1138
PROD00007740,Toys,1,0,0.0,0.5872,229.2,27.9,1139
PROD00008687,Books,1,0,0.0,0.5872,182.89,32.1,1140
PROD00007674,Clothing,1,1,100.0,0.5872,10.58,15.68,1141
PROD00008714,Toys,1,1,100.0,0.5872,114.62,18.7,1142
PROD00000601,Toys,1,1,100.0,0.5871,39.22,24.47,1143
PROD00002835,Clothing,1,1,100.0,0.5871,475.84,3.08,1144
PROD00003447,Toys,1,0,0.0,0.5871,493.47,35.63,1145
PROD00004540,Electronics,1,1,100.0,0.5871,180.31,12.89,1146
PROD00002284,Books,1,0,0.0,0.5871,231.89,43.02,1147
PROD00003951,Clothing,1,0,0.0,0.587,256.29,15.6,1148
PROD00005388,Toys,1,1,100.0,0.587,175.27,15.59,1149
PROD00008764,Home,1,0,0.0,0.5869,48.37,14.86,1150
PROD00002779,Electronics,1,1,100.0,0.5869,326.37,21.9,1151
PROD00004004,Home,1,1,100.0,0.5869,453.89,40.24,1152
PROD00002249,Books,1,0,0.0,0.5868,14.0,38.63,1153
PROD00009614,Home,1,0,0.0,0.5868,178.03,30.25,1154
PROD00006252,Electronics,1,0,0.0,0.5867,255.03,38.26,1155
PROD00007732,Clothing,1,1,100.0,0.5866,414.56,26.06,1156
PROD00009144,Books,1,1,100.0,0.5866,451.96,6.72,1157
PROD00001180,Home,1,1,100.0,0.5866,40.97,27.22,1158
PROD00002704,Electronics,1,1,100.0,0.5866,57.34,36.2,1159
PROD00006863,Clothing,1,0,0.0,0.5865,62.84,20.31,1160
PROD00004525,Books,1,0,0.0,0.5865,124.32,1.65,1161
PROD00007879,Books,1,1,100.0,0.5865,230.02,39.76,1162
PROD00008305,Toys,1,0,0.0,0.5865,497.63,42.06,1163
PROD00003971,Books,1,0,0.0,0.5864,19.91,21.76,1164
PROD00000140,Home,1,1,100.0,0.5864,161.94,35.96,1165
PROD00008284,Electronics,1,0,0.0,0.5863,53.76,34.75,1166
PROD00002960,Home,1,1,100.0,0.5863,20.61,34.08,1167
PROD00005598,Books,1,1,100.0,0.5862,86.01,35.71,1168
PROD00006304,Home,1,0,0.0,0.5862,419.57,8.4,1169
PROD00000014,Electronics,1,0,0.0,0.5862,146.37,28.23,1170
PROD00008196,Clothing,1,0,0.0,0.5861,438.53,19.42,1171
PROD00001913,Home,1,1,100.0,0.5861,145.56,27.63,1172
PROD00003864,Books,1,0,0.0,0.5861,463.42,15.55,1173
PROD00002285,Clothing,1,1,100.0,0.586,99.75,6.92,1174
PROD00004014,Clothing,1,0,0.0,0.586,256.93,7.49,1175
PROD00002919,Books,1,1,100.0,0.586,25.46,44.53,1176
PROD00007056,Electronics,1,0,0.0,0.5859,382.46,48.98,1177
PROD00007619,Clothing,1,0,0.0,0.5858,41.33,49.18,1178
PROD00008778,Books,1,0,0.0,0.5858,68.23,9.96,1179
PROD00003306,Home,1,1,100.0,0.5858,489.7,31.49,1180
PROD00004641,Home,1,0,0.0,0.5857,462.13,34.55,1181
PROD00003355,Home,1,1,100.0,0.5856,10.39,44.33,1182
PROD00003370,Books,1,1,100.0,0.5856,247.43,1.82,1183
PROD00006129,Toys,1,1,100.0,0.5856,221.54,39.54,1184
PROD00002850,Clothing,1,1,100.0,0.5856,342.24,22.22,1185
PROD00003642,Clothing,1,1,100.0,0.5855,223.54,47.11,1186
PROD00000036,Electronics,1,1,100.0,0.5855,115.82,23.76,1187
PROD00001895,Clothing,1,0,0.0,0.5855,205.54,39.84,1188
PROD00002296,Home,1,0,0.0,0.5854,496.05,27.62,1189
PROD00006687,Home,1,0,0.0,0.5854,38.21,36.03,1190
PROD00004793,Toys,1,0,0.0,0.5854,398.8,25.53,1191
PROD00003988,Books,1,1,100.0,0.5853,50.52,29.6,1192
PROD00009703,Electronics,1,1,100.0,0.5853,285.17,22.61,1193
PROD00007155,Electronics,1,1,100.0,0.5853,247.25,31.87,1194
PROD00008856,Electronics,1,1,100.0,0.5853,177.01,6.26,1195
PROD00005851,Toys,1,1,100.0,0.5852,323.54,29.29,1196
PROD00009757,Clothing,1,1,100.0,0.5852,393.6,30.35,1197
PROD00001746,Toys,1,0,0.0,0.5852,81.46,3.35,1198
PROD00003485,Toys,1,1,100.0,0.5852,239.26,46.75,1199
PROD00008979,Clothing,1,0,0.0,0.5851,276.94,48.25,1200
PROD00006738,Clothing,1,1,100.0,0.5851,197.25,31.82,1201
PROD00004524,Toys,1,0,0.0,0.5851,495.05,14.92,1202
PROD00007260,Home,1,0,0.0,0.5851,161.19,9.41,1203
PROD00003075,Toys,1,1,100.0,0.585,375.85,11.44,1204
PROD00004843,Books,1,1,100.0,0.5849,311.3,39.99,1205
PROD00008190,Clothing,1,0,0.0,0.5848,27.03,42.71,1206
PROD00003219,Books,1,1,100.0,0.5848,242.48,31.69,1207
PROD00000889,Toys,1,0,0.0,0.5848,233.46,16.82,1208
PROD00002446,Electronics,1,0,0.0,0.5848,50.8,27.86,1209
PROD00005365,Books,1,1,100.0,0.5848,343.75,48.89,1210
PROD00000042,Books,1,0,0.0,0.5848,240.65,12.93,1211
PROD00008323,Toys,1,0,0.0,0.5848,112.51,43.53,1212
PROD00003057,Electronics,1,1,100.0,0.5847,286.24,33.86,1213
PROD00001570,Toys,1,1,100.0,0.5846,383.91,44.88,1214
PROD00007103,Home,1,0,0.0,0.5846,130.45,43.69,1215
PROD00006225,Electronics,1,1,100.0,0.5846,6.37,25.24,1216
PROD00007282,Clothing,1,1,100.0,0.5846,491.32,26.51,1217
PROD00004258,Electronics,1,0,0.0,0.5844,210.74,1.33,1218
PROD00008198,Books,1,1,100.0,0.5843,249.49,29.92,1219
PROD00006016,Clothing,1,1,100.0,0.5843,368.12,35.34,1220
PROD00004593,Clothing,1,0,0.0,0.5842,28.72,5.01,1221
PROD00001442,Toys,1,1,100.0,0.5842,490.27,38.89,1222
PROD00006509,Toys,1,1,100.0,0.5842,350.04,21.36,1223
PROD00000693,Books,1,0,0.0,0.5841,368.46,0.02,1224
PROD00008847,Books,1,1,100.0,0.5841,60.72,27.31,1225
PROD00004605,Toys,1,0,0.0,0.5841,114.55,41.71,1226
PROD00003405,Toys,1,1,100.0,0.5841,191.79,43.94,1227
PROD00001657,Books,1,1,100.0,0.584,472.63,21.3,1228
PROD00004986,Home,1,1,100.0,0.584,153.6,29.61,1229
PROD00005423,Books,1,1,100.0,0.584,158.46,39.19,1230
PROD00005703,Clothing,1,0,0.0,0.584,470.4,8.2,1231
PROD00009767,Electronics,1,0,0.0,0.5839,169.66,17.12,1232
PROD00008869,Electronics,1,1,100.0,0.5838,210.0,22.92,1233
PROD00009367,Electronics,1,0,0.0,0.5838,226.51,45.86,1234
PROD00002908,Books,1,0,0.0,0.5838,73.33,30.29,1235
PROD00004852,Electronics,1,1,100.0,0.5837,364.99,3.87,1236
PROD00001369,Home,1,1,100.0,0.5836,327.77,25.27,1237
PROD00002891,Home,1,0,0.0,0.5836,368.87,21.04,1238
PROD00001575,Books,1,0,0.0,0.5836,455.07,26.2,1239
PROD00001229,Clothing,1,0,0.0,0.5836,237.41,15.85,1240
PROD00007337,Books,1,1,100.0,0.5835,470.65,46.22,1241
PROD00003285,Books,1,1,100.0,0.5835,289.71,8.26,1242
PROD00002985,Books,1,1,100.0,0.5835,491.24,1.65,1243
PROD00008495,Electronics,1,0,0.0,0.5835,18.41,47.99,1244
PROD00009584,Electronics,1,0,0.0,0.5835,472.83,17.2,1245
PROD00004413,Home,1,0,0.0,0.5835,478.71,47.38,1246
PROD00001504,Toys,1,1,100.0,0.5835,23.68,23.0,1247
PROD00004598,Toys,1,1,100.0,0.5834,10.49,21.93,1248
PROD00001928,Clothing,1,1,100.0,0.5834,166.01,48.87,1249
PROD00009252,Home,1,0,0.0,0.5833,41.88,34.67,1250
PROD00009274,Electronics,1,1,100.0,0.5832,81.86,18.81,1251
PROD00001034,Books,1,1,100.0,0.5832,52.81,0.37,1252
PROD00006483,Books,1,0,0.0,0.5831,486.03,32.85,1253
PROD00001115,Home,1,0,0.0,0.5831,483.36,24.87,1254
PROD00001979,Toys,1,0,0.0,0.5831,427.95,9.16,1255
PROD00005409,Electronics,1,1,100.0,0.583,41.67,3.8,1256
PROD00009275,Home,1,0,0.0,0.583,86.71,12.83,1257
PROD00001881,Clothing,1,0,0.0,0.583,17.41,6.13,1258
PROD00009458,Books,1,1,100.0,0.583,485.83,43.9,1259
PROD00008783,Toys,1,1,100.0,0.5829,290.92,15.24,1260
PROD00001939,Electronics,1,1,100.0,0.5829,458.45,31.26,1261
PROD00000400,Books,1,0,0.0,0.5829,121.74,18.48,1262
PROD00004008,Electronics,1,0,0.0,0.5829,248.23,40.97,1263
PROD00001901,Electronics,1,1,100.0,0.5829,48.91,13.23,1264
PROD00001447,Clothing,1,0,0.0,0.5828,411.48,25.63,1265
PROD00004687,Toys,1,1,100.0,0.5827,232.73,32.34,1266
PROD00000935,Clothing,1,1,100.0,0.5827,119.12,27.23,1267
PROD00004338,Electronics,1,0,0.0,0.5827,91.4,5.36,1268
PROD00000933,Home,1,0,0.0,0.5827,278.39,13.02,1269
PROD00005502,Clothing,1,0,0.0,0.5826,82.08,26.88,1270
PROD00000398,Electronics,1,0,0.0,0.5826,215.26,22.72,1271
PROD00008516,Books,1,0,0.0,0.5825,379.09,25.84,1272
PROD00007864,Electronics,1,0,0.0,0.5825,451.76,11.01,1273
PROD00001500,Books,1,1,100.0,0.5825,5.6,30.21,1274
PROD00001677,Clothing,1,1,100.0,0.5825,469.43,9.07,1275
PROD00005238,Clothing,1,1,100.0,0.5824,24.07,0.03,1276
PROD00006664,Toys,1,0,0.0,0.5823,191.46,0.74,1277
PROD00001315,Home,1,0,0.0,0.5823,186.63,13.71,1278
PROD00007697,Toys,1,0,0.0,0.5823,399.83,27.99,1279
PROD00002513,Toys,1,1,100.0,0.5822,224.42,49.01,1280
PROD00000223,Clothing,1,1,100.0,0.5822,409.65,43.1,1281
PROD00006064,Clothing,1,1,100.0,0.5822,163.75,6.34,1282
PROD00003646,Home,1,0,0.0,0.5821,396.16,37.43,1283
PROD00000830,Electronics,1,1,100.0,0.5821,489.06,29.77,1284
PROD00000076,Electronics,1,0,0.0,0.5821,139.6,13.87,1285
PROD00002577,Electronics,1,1,100.0,0.582,420.95,48.6,1286
PROD00006072,Clothing,1,0,0.0,0.582,21.43,3.19,1287
PROD00002569,Books,1,1,100.0,0.582,8.63,49.29,1288
PROD00007358,Books,1,0,0.0,0.582,290.29,18.17,1289
PROD00000790,Clothing,1,1,100.0,0.582,484.56,32.69,1290
PROD00006872,Clothing,1,0,0.0,0.582,244.37,37.37,1291
PROD00004143,Electronics,1,0,0.0,0.582,400.82,28.72,1292
PROD00007038,Toys,1,1,100.0,0.5818,254.71,40.86,1293
PROD00006438,Books,1,0,0.0,0.5818,317.76,4.26,1294
PROD00007480,Home,1,1,100.0,0.5818,241.11,40.58,1295
PROD00001085,Home,1,0,0.0,0.5817,449.46,14.84,1296
PROD00000073,Clothing,1,0,0.0,0.5817,283.14,17.53,1297
PROD00000066,Books,1,0,0.0,0.5817,142.71,19.05,1298
PROD00009037,Electronics,1,0,0.0,0.5817,155.4,27.44,1299
PROD00001904,Clothing,1,1,100.0,0.5817,330.35,18.32,1300
PROD00000226,Books,1,0,0.0,0.5817,143.01,46.55,1301
PROD00002981,Electronics,1,1,100.0,0.5816,156.65,42.82,1302
PROD00001360,Electronics,1,1,100.0,0.5815,363.26,46.42,1303
PROD00003718,Home,1,0,0.0,0.5815,127.95,35.96,1304
PROD00003555,Clothing,1,1,100.0,0.5815,36.07,44.3,1305
PROD00008028,Toys,1,1,100.0,0.5814,418.27,17.82,1306
PROD00005520,Books,1,1,100.0,0.5814,170.38,27.14,1307
PROD00008652,Clothing,1,1,100.0,0.5814,217.29,35.56,1308
PROD00007183,Books,1,1,100.0,0.5813,326.8,30.67,1309
PROD00001604,Toys,1,0,0.0,0.5813,10.71,48.74,1310
PROD00004514,Clothing,1,1,100.0,0.5813,19.25,2.44,1311
PROD00008753,Clothing,1,0,0.0,0.5812,197.79,7.53,1312
PROD00004312,Books,1,0,0.0,0.5812,376.71,48.34,1313
PROD00002382,Clothing,1,1,100.0,0.5811,207.41,41.67,1314
PROD00006471,Electronics,1,1,100.0,0.5811,427.95,28.29,1315
PROD00002212,Books,1,1,100.0,0.581,82.44,33.56,1316
PROD00008883,Electronics,1,0,0.0,0.581,355.26,35.66,1317
PROD00007400,Clothing,1,0,0.0,0.581,456.33,17.45,1318
PROD00007298,Toys,1,1,100.0,0.581,125.03,38.55,1319
PROD00004509,Home,1,1,100.0,0.5809,33.99,6.0,1320
PROD00009006,Clothing,1,1,100.0,0.5809,331.84,42.03,1321
PROD00000466,Toys,1,0,0.0,0.5809,492.8,44.15,1322
PROD00006132,Books,1,1,100.0,0.5808,102.12,36.51,1323
PROD00001799,Clothing,1,1,100.0,0.5808,262.35,46.65,1324
PROD00004233,Books,1,0,0.0,0.5807,186.45,7.42,1325
PROD00004573,Clothing,1,1,100.0,0.5807,147.62,24.74,1326
PROD00007756,Clothing,1,0,0.0,0.5807,195.14,12.35,1327
PROD00008621,Electronics,1,1,100.0,0.5806,96.63,34.67,1328
PROD00008700,Clothing,1,1,100.0,0.5806,37.74,33.43,1329
PROD00008247,Electronics,1,0,0.0,0.5806,384.47,10.79,1330
PROD00001538,Clothing,1,0,0.0,0.5805,433.06,9.95,1331
PROD00008277,Electronics,1,1,100.0,0.5805,62.82,0.64,1332
PROD00000607,Books,1,1,100.0,0.5805,80.86,5.97,1333
PROD00001724,Clothing,1,1,100.0,0.5804,488.14,28.88,1334
PROD00003034,Books,1,1,100.0,0.5804,27.96,20.07,1335
PROD00007794,Books,1,0,0.0,0.5804,372.43,39.26,1336
PROD00004548,Clothing,1,1,100.0,0.5804,278.18,46.6,1337
PROD00001401,Home,1,0,0.0,0.5802,149.0,26.65,1338
PROD00003518,Toys,1,0,0.0,0.5802,98.94,16.72,1339
PROD00000179,Electronics,1,1,100.0,0.5802,80.81,30.75,1340
PROD00000186,Clothing,1,1,100.0,0.5802,360.81,49.0,1341
PROD00002734,Electronics,1,1,100.0,0.5801,208.6,20.5,1342
PROD00008397,Books,1,1,100.0,0.5801,426.32,40.55,1343
PROD00009730,Toys,1,0,0.0,0.5801,179.5,19.14,1344
PROD00007897,Electronics,1,0,0.0,0.58,59.81,47.01,1345
PROD00001250,Clothing,1,1,100.0,0.58,374.02,13.97,1346
PROD00009650,Electronics,1,1,100.0,0.5799,27.8,12.3,1347
PROD00009539,Books,1,0,0.0,0.5798,126.6,41.84,1348
PROD00009168,Clothing,1,1,100.0,0.5797,265.04,29.53,1349
PROD00007683,Books,1,1,100.0,0.5797,65.65,38.34,1350
PROD00005686,Electronics,1,0,0.0,0.5797,208.89,8.87,1351
PROD00006625,Toys,1,0,0.0,0.5797,80.59,29.96,1352
PROD00005384,Toys,1,0,0.0,0.5796,288.18,39.84,1353
PROD00004545,Clothing,1,1,100.0,0.5796,401.64,1.82,1354
PROD00001693,Books,1,1,100.0,0.5795,353.45,7.88,1355
PROD00002260,Toys,1,0,0.0,0.5795,122.98,37.0,1356
PROD00000690,Toys,1,1,100.0,0.5794,166.33,47.4,1357
PROD00009959,Toys,1,1,100.0,0.5794,449.99,40.18,1358
PROD00006581,Books,1,0,0.0,0.5793,53.04,27.84,1359
PROD00001690,Electronics,1,1,100.0,0.5793,382.49,39.65,1360
PROD00006830,Books,1,0,0.0,0.5793,374.79,6.05,1361
PROD00008641,Electronics,1,1,100.0,0.5792,86.99,41.13,1362
PROD00001286,Electronics,1,1,100.0,0.5792,440.66,32.58,1363
PROD00001081,Books,1,0,0.0,0.5791,119.61,25.44,1364
PROD00009299,Books,1,1,100.0,0.5791,212.87,31.87,1365
PROD00007104,Home,1,1,100.0,0.5791,89.54,1.62,1366
PROD00007245,Home,1,1,100.0,0.5791,183.59,41.29,1367
PROD00004552,Books,1,1,100.0,0.579,113.35,12.13,1368
PROD00005150,Home,1,1,100.0,0.579,210.02,39.26,1369
PROD00002676,Clothing,1,0,0.0,0.5789,76.24,38.63,1370
PROD00008638,Home,1,0,0.0,0.5789,127.55,34.72,1371
PROD00003052,Toys,1,0,0.0,0.5789,226.55,37.26,1372
PROD00005239,Electronics,1,1,100.0,0.5788,179.71,37.92,1373
PROD00000318,Electronics,1,1,100.0,0.5788,160.79,47.81,1374
PROD00008310,Clothing,1,1,100.0,0.5786,466.92,41.99,1375
PROD00001187,Books,1,0,0.0,0.5786,5.27,23.96,1376
PROD00006601,Clothing,1,0,0.0,0.5786,442.99,23.95,1377
PROD00006524,Books,1,0,0.0,0.5786,142.99,2.3,1378
PROD00008565,Clothing,1,1,100.0,0.5786,394.09,17.93,1379
PROD00000994,Toys,1,0,0.0,0.5786,164.31,44.72,1380
PROD00006245,Toys,1,0,0.0,0.5786,41.91,13.11,1381
PROD00008011,Home,1,0,0.0,0.5785,198.08,46.89,1382
PROD00003796,Electronics,1,1,100.0,0.5785,86.82,2.37,1383
PROD00009576,Home,1,1,100.0,0.5785,337.81,3.92,1384
PROD00007983,Home,1,0,0.0,0.5785,181.22,19.13,1385
PROD00002905,Toys,1,1,100.0,0.5784,430.82,25.64,1386
PROD00003132,Home,1,0,0.0,0.5784,79.19,2.86,1387
PROD00006042,Clothing,1,0,0.0,0.5784,27.86,45.46,1388
PROD00000998,Electronics,1,1,100.0,0.5783,355.25,44.2,1389
PROD00003024,Clothing,1,0,0.0,0.5783,416.7,43.18,1390
PROD00005587,Books,1,0,0.0,0.5783,332.16,41.48,1391
PROD00002489,Toys,1,1,100.0,0.5783,155.48,18.91,1392
PROD00005511,Toys,1,0,0.0,0.5783,406.91,30.28,1393
PROD00003706,Books,1,1,100.0,0.5783,406.95,30.86,1394
PROD00008845,Clothing,1,1,100.0,0.5782,356.41,35.02,1395
PROD00006699,Clothing,1,1,100.0,0.5782,136.14,9.41,1396
PROD00000951,Home,1,0,0.0,0.5782,399.07,44.44,1397
PROD00009046,Home,1,1,100.0,0.5781,474.42,46.79,1398
PROD00009851,Clothing,1,0,0.0,0.5781,236.04,45.97,1399
PROD00005057,Clothing,1,0,0.0,0.578,39.72,36.17,1400
PROD00001513,Toys,1,1,100.0,0.578,393.68,43.29,1401
PROD00005284,Clothing,1,0,0.0,0.5779,451.01,20.0,1402
PROD00000007,Electronics,1,1,100.0,0.5779,306.39,38.91,1403
PROD00004537,Clothing,1,1,100.0,0.5779,14.89,27.2,1404
PROD00003468,Home,1,1,100.0,0.5778,240.81,21.94,1405
PROD00003631,Home,1,1,100.0,0.5778,157.06,18.98,1406
PROD00002484,Home,1,1,100.0,0.5778,61.66,45.23,1407
PROD00001908,Toys,1,1,100.0,0.5778,40.94,25.54,1408
PROD00002438,Books,1,1,100.0,0.5777,429.65,34.81,1409
PROD00001716,Toys,1,1,100.0,0.5777,457.61,47.76,1410
PROD00005392,Home,1,0,0.0,0.5776,309.03,35.83,1411
PROD00008589,Toys,1,1,100.0,0.5775,214.58,48.83,1412
PROD00000434,Electronics,1,1,100.0,0.5775,67.0,8.4,1413
PROD00007089,Books,1,0,0.0,0.5775,142.08,26.61,1414
PROD00000207,Home,1,0,0.0,0.5775,279.06,42.67,1415
PROD00008245,Books,1,1,100.0,0.5774,409.24,20.06,1416
PROD00006912,Electronics,1,1,100.0,0.5774,478.24,16.33,1417
PROD00004274,Toys,1,1,100.0,0.5773,131.6,29.7,1418
PROD00008829,Electronics,1,1,100.0,0.5772,176.92,39.63,1419
PROD00000224,Home,1,1,100.0,0.5772,170.03,23.19,1420
PROD00000271,Clothing,1,1,100.0,0.5772,282.89,47.82,1421
PROD00006798,Clothing,1,1,100.0,0.5772,318.07,9.58,1422
PROD00005791,Toys,1,0,0.0,0.5772,334.04,25.44,1423
PROD00007377,Toys,1,0,0.0,0.5771,460.86,33.2,1424
PROD00009704,Clothing,1,1,100.0,0.5771,103.78,11.33,1425
PROD00003070,Toys,1,0,0.0,0.5771,328.41,3.85,1426
PROD00000753,Books,1,1,100.0,0.577,23.73,15.83,1427
PROD00008444,Electronics,1,1,100.0,0.577,236.58,43.31,1428
PROD00007519,Home,1,0,0.0,0.577,148.73,13.87,1429
PROD00003495,Electronics,1,0,0.0,0.577,377.79,49.96,1430
PROD00002683,Clothing,1,0,0.0,0.5769,163.81,31.91,1431
PROD00006177,Electronics,1,0,0.0,0.5769,284.36,6.66,1432
PROD00009605,Clothing,1,0,0.0,0.5769,438.4,33.48,1433
PROD00006821,Home,1,1,100.0,0.5769,5.9,23.06,1434
PROD00009890,Books,1,1,100.0,0.5769,119.17,42.05,1435
PROD00006351,Clothing,1,0,0.0,0.5769,16.46,48.49,1436
PROD00003826,Home,1,1,100.0,0.5769,172.09,38.16,1437
PROD00005448,Clothing,1,1,100.0,0.5768,60.32,24.6,1438
PROD00000989,Electronics,1,0,0.0,0.5768,190.42,35.55,1439
PROD00001419,Electronics,1,0,0.0,0.5768,25.44,43.97,1440
PROD00009210,Clothing,1,0,0.0,0.5767,126.88,2.44,1441
PROD00007143,Home,1,1,100.0,0.5767,397.47,44.88,1442
PROD00006462,Home,1,0,0.0,0.5767,74.11,48.93,1443
PROD00003335,Books,1,1,100.0,0.5766,422.89,11.9,1444
PROD00004308,Electronics,1,1,100.0,0.5766,87.8,20.5,1445
PROD00006843,Toys,1,1,100.0,0.5766,465.61,5.36,1446
PROD00008451,Home,1,1,100.0,0.5766,432.18,27.11,1447
PROD00005888,Clothing,1,1,100.0,0.5766,432.28,18.32,1448
PROD00005856,Clothing,1,1,100.0,0.5765,215.12,17.07,1449
PROD00009235,Clothing,1,1,100.0,0.5765,324.34,14.43,1450
PROD00002618,Electronics,1,0,0.0,0.5764,169.29,0.87,1451
PROD00009516,Toys,1,0,0.0,0.5764,173.86,5.37,1452
PROD00008996,Clothing,1,0,0.0,0.5763,277.28,3.94,1453
PROD00003759,Books,1,1,100.0,0.5763,393.62,32.54,1454
PROD00003948,Toys,1,0,0.0,0.5763,497.84,47.82,1455
PROD00007950,Electronics,1,1,100.0,0.5762,148.08,22.11,1456
PROD00006776,Toys,1,0,0.0,0.5762,483.2,41.9,1457
PROD00004549,Home,1,0,0.0,0.5762,315.9,45.23,1458
PROD00000702,Clothing,1,0,0.0,0.5762,285.89,6.05,1459
PROD00003605,Toys,1,1,100.0,0.5761,467.23,13.79,1460
PROD00009591,Home,1,0,0.0,0.5761,361.26,3.63,1461
PROD00004470,Electronics,1,0,0.0,0.5761,387.81,28.31,1462
PROD00001768,Books,1,0,0.0,0.5759,92.63,14.96,1463
PROD00006025,Toys,1,1,100.0,0.5759,14.96,25.45,1464
PROD00008838,Electronics,1,0,0.0,0.5758,493.19,27.07,1465
PROD00007588,Books,1,1,100.0,0.5758,490.06,46.2,1466
PROD00002160,Toys,1,0,0.0,0.5757,71.73,2.73,1467
PROD00001719,Books,1,1,100.0,0.5757,385.48,22.39,1468
PROD00006630,Home,1,1,100.0,0.5756,421.33,27.76,1469
PROD00006204,Clothing,1,0,0.0,0.5756,331.58,43.0,1470
PROD00009696,Toys,1,1,100.0,0.5755,18.83,17.18,1471
PROD00009519,Electronics,1,1,100.0,0.5755,394.27,43.15,1472
PROD00009255,Electronics,1,1,100.0,0.5755,225.9,47.89,1473
PROD00004623,Books,1,0,0.0,0.5755,36.43,27.39,1474
PROD00000462,Electronics,1,0,0.0,0.5755,59.54,38.84,1475
PROD00008067,Toys,1,1,100.0,0.5754,295.2,30.55,1476
PROD00007074,Electronics,1,1,100.0,0.5754,8.59,33.64,1477
PROD00008246,Toys,1,0,0.0,0.5754,54.72,26.06,1478
PROD00008251,Books,1,0,0.0,0.5753,81.22,20.94,1479
PROD00007770,Electronics,1,1,100.0,0.5753,359.26,28.86,1480
PROD00006511,Home,1,1,100.0,0.5752,84.78,11.0,1481
PROD00001022,Electronics,1,1,100.0,0.5752,402.62,21.31,1482
PROD00004498,Clothing,1,1,100.0,0.5752,244.12,13.62,1483
PROD00007086,Electronics,1,1,100.0,0.5752,97.95,3.63,1484
PROD00008127,Home,1,0,0.0,0.5752,31.04,4.47,1485
PROD00003366,Books,1,0,0.0,0.5751,132.08,44.7,1486
PROD00006039,Books,1,1,100.0,0.5751,309.82,32.89,1487
PROD00005129,Electronics,1,1,100.0,0.5751,282.34,49.16,1488
PROD00008099,Books,1,1,100.0,0.575,451.99,34.62,1489
PROD00003297,Electronics,1,0,0.0,0.575,381.13,11.74,1490
PROD00008781,Electronics,1,0,0.0,0.575,190.43,27.9,1491
PROD00008128,Books,1,1,100.0,0.575,483.07,0.09,1492
PROD00005698,Clothing,1,0,0.0,0.575,354.94,44.72,1493
PROD00000204,Clothing,1,1,100.0,0.5749,362.81,21.11,1494
PROD00006263,Clothing,1,1,100.0,0.5749,242.73,17.38,1495
PROD00005009,Books,1,0,0.0,0.5749,210.03,21.45,1496
PROD00007881,Books,1,0,0.0,0.5748,436.48,37.93,1497
PROD00007419,Home,1,0,0.0,0.5748,413.96,13.06,1498
PROD00009836,Clothing,1,1,100.0,0.5747,299.7,7.07,1499
PROD00001414,Home,1,1,100.0,0.5747,99.37,38.78,1500
PROD00009958,Clothing,1,1,100.0,0.5747,365.35,18.73,1501
PROD00009573,Books,1,1,100.0,0.5747,20.61,21.57,1502
PROD00004431,Electronics,1,1,100.0,0.5746,231.9,26.65,1503
PROD00000123,Electronics,1,1,100.0,0.5746,490.8,43.37,1504
PROD00005248,Books,1,0,0.0,0.5746,120.4,46.96,1505
PROD00007364,Clothing,1,1,100.0,0.5746,47.38,1.89,1506
PROD00000278,Books,1,1,100.0,0.5746,161.86,26.28,1507
PROD00004930,Books,1,1,100.0,0.5745,233.79,42.9,1508
PROD00007372,Electronics,1,1,100.0,0.5745,139.17,18.37,1509
PROD00000189,Clothing,1,0,0.0,0.5744,406.41,49.99,1510
PROD00002995,Books,1,1,100.0,0.5744,17.47,30.5,1511
PROD00002613,Electronics,1,1,100.0,0.5744,212.16,46.88,1512
PROD00009225,Electronics,1,0,0.0,0.5744,124.62,22.65,1513
PROD00006719,Books,1,0,0.0,0.5743,465.59,13.93,1514
PROD00006672,Clothing,1,0,0.0,0.5743,180.01,42.45,1515
PROD00008976,Books,1,0,0.0,0.5743,70.41,36.79,1516
PROD00005130,Electronics,1,0,0.0,0.5742,158.75,32.16,1517
PROD00000510,Home,1,1,100.0,0.5742,346.91,14.64,1518
PROD00002651,Home,1,1,100.0,0.5742,315.58,48.94,1519
PROD00005719,Home,1,1,100.0,0.5741,352.05,33.99,1520
PROD00007607,Home,1,1,100.0,0.5741,97.2,15.87,1521
PROD00003234,Electronics,1,0,0.0,0.5741,234.94,47.09,1522
PROD00002265,Home,1,0,0.0,0.5741,272.36,13.18,1523
PROD00005049,Home,1,1,100.0,0.574,205.51,29.1,1524
PROD00007408,Electronics,1,1,100.0,0.574,462.64,24.14,1525
PROD00006951,Home,1,0,0.0,0.574,85.8,40.94,1526
PROD00002722,Toys,1,0,0.0,0.5739,276.61,16.29,1527
PROD00008677,Books,1,1,100.0,0.5739,91.36,20.6,1528
PROD00007412,Clothing,1,0,0.0,0.5738,11.2,17.57,1529
PROD00000840,Clothing,1,1,100.0,0.5736,464.14,7.42,1530
PROD00000562,Electronics,1,1,100.0,0.5736,75.28,0.17,1531
PROD00001001,Books,1,0,0.0,0.5735,197.6,42.28,1532
PROD00009313,Toys,1,1,100.0,0.5735,12.81,15.82,1533
PROD00002887,Electronics,1,0,0.0,0.5735,396.76,9.54,1534
PROD00004495,Electronics,1,1,100.0,0.5734,430.76,43.97,1535
PROD00009964,Home,1,0,0.0,0.5734,13.31,21.83,1536
PROD00000266,Toys,1,1,100.0,0.5734,333.67,40.16,1537
PROD00002010,Electronics,1,1,100.0,0.5733,106.54,22.27,1538
PROD00006141,Toys,1,1,100.0,0.5733,254.37,24.5,1539
PROD00009855,Toys,1,1,100.0,0.5733,45.53,27.93,1540
PROD00000793,Electronics,1,0,0.0,0.5732,421.45,18.86,1541
PROD00007650,Clothing,1,0,0.0,0.5731,295.86,25.85,1542
PROD00003836,Clothing,1,1,100.0,0.5731,165.23,21.29,1543
PROD00001767,Electronics,1,1,100.0,0.5731,442.06,4.42,1544
PROD00006992,Toys,1,1,100.0,0.5731,484.11,31.36,1545
PROD00003781,Home,1,0,0.0,0.573,293.38,36.28,1546
PROD00009039,Electronics,1,1,100.0,0.5729,133.31,38.4,1547
PROD00002836,Toys,1,0,0.0,0.5729,328.66,45.78,1548
PROD00003318,Electronics,1,1,100.0,0.5729,182.12,35.88,1549
PROD00004752,Books,1,1,100.0,0.5729,191.91,14.52,1550
PROD00004310,Clothing,1,0,0.0,0.5728,389.06,4.23,1551
PROD00009820,Toys,1,1,100.0,0.5728,48.75,46.3,1552
PROD00005241,Clothing,1,1,100.0,0.5728,289.14,15.97,1553
PROD00004851,Books,1,0,0.0,0.5728,482.35,35.65,1554
PROD00009450,Toys,1,1,100.0,0.5728,381.45,32.09,1555
PROD00009637,Books,1,1,100.0,0.5728,57.64,6.62,1556
PROD00006322,Home,1,0,0.0,0.5727,298.01,5.95,1557
PROD00000178,Books,1,0,0.0,0.5727,130.9,14.17,1558
PROD00009091,Home,1,0,0.0,0.5726,173.98,22.98,1559
PROD00002785,Electronics,1,1,100.0,0.5726,296.14,33.71,1560
PROD00006681,Electronics,1,1,100.0,0.5726,438.44,17.26,1561
PROD00009479,Clothing,1,1,100.0,0.5726,196.82,11.59,1562
PROD00009741,Books,1,1,100.0,0.5725,188.52,36.21,1563
PROD00002416,Toys,1,1,100.0,0.5725,314.82,37.38,1564
PROD00008068,Clothing,1,1,100.0,0.5725,396.09,40.28,1565
PROD00001893,Books,1,0,0.0,0.5724,253.2,33.16,1566
PROD00009867,Books,1,1,100.0,0.5723,186.89,11.32,1567
PROD00000079,Electronics,1,0,0.0,0.5723,231.65,45.83,1568
PROD00006600,Clothing,1,0,0.0,0.5723,57.98,34.06,1569
PROD00004390,Toys,1,1,100.0,0.5722,199.72,20.72,1570
PROD00008581,Clothing,1,0,0.0,0.5722,445.21,30.08,1571
PROD00007208,Home,1,1,100.0,0.5721,312.66,36.87,1572
PROD00007687,Clothing,1,0,0.0,0.5721,152.67,28.04,1573
PROD00005782,Books,1,1,100.0,0.572,86.77,8.78,1574
PROD00003174,Clothing,1,1,100.0,0.5719,179.91,45.37,1575
PROD00000899,Clothing,1,0,0.0,0.5719,19.96,12.06,1576
PROD00005988,Home,1,0,0.0,0.5719,312.54,30.62,1577
PROD00006273,Books,1,0,0.0,0.5719,99.24,14.12,1578
PROD00006808,Books,1,0,0.0,0.5719,150.87,10.56,1579
PROD00007883,Books,1,1,100.0,0.5718,124.38,15.0,1580
PROD00001098,Electronics,1,1,100.0,0.5718,157.16,30.42,1581
PROD00004485,Clothing,1,1,100.0,0.5718,207.83,15.05,1582
PROD00008916,Clothing,1,0,0.0,0.5718,469.18,11.73,1583
PROD00005369,Books,1,0,0.0,0.5718,442.18,36.21,1584
PROD00001543,Toys,1,0,0.0,0.5717,301.38,13.97,1585
PROD00009839,Electronics,1,1,100.0,0.5717,458.25,32.71,1586
PROD00007022,Electronics,1,1,100.0,0.5717,306.7,39.14,1587
PROD00005891,Home,1,0,0.0,0.5717,110.86,9.68,1588
PROD00005553,Clothing,1,0,0.0,0.5717,367.43,48.05,1589
PROD00001107,Electronics,1,0,0.0,0.5716,202.07,31.57,1590
PROD00008079,Home,1,0,0.0,0.5716,437.25,46.97,1591
PROD00000556,Electronics,1,0,0.0,0.5716,355.68,2.26,1592
PROD00001801,Toys,1,1,100.0,0.5715,453.15,13.87,1593
PROD00002171,Toys,1,1,100.0,0.5715,241.55,44.64,1594
PROD00009214,Home,1,1,100.0,0.5715,307.04,34.94,1595
PROD00007869,Home,1,1,100.0,0.5714,81.56,49.57,1596
PROD00009223,Home,1,0,0.0,0.5714,96.96,39.58,1597
PROD00002724,Clothing,1,1,100.0,0.5714,470.4,29.01,1598
PROD00002072,Books,1,1,100.0,0.5714,299.26,31.68,1599
PROD00007904,Electronics,1,0,0.0,0.5713,296.77,4.13,1600
PROD00003437,Toys,1,1,100.0,0.5713,457.61,1.19,1601
PROD00003158,Home,1,1,100.0,0.5713,287.44,21.78,1602
PROD00003438,Clothing,1,0,0.0,0.5712,42.97,18.37,1603
PROD00000264,Books,1,0,0.0,0.5711,223.1,48.21,1604
PROD00006819,Toys,1,1,100.0,0.5711,277.92,48.39,1605
PROD00006746,Books,1,0,0.0,0.5711,358.18,8.85,1606
PROD00005159,Books,1,0,0.0,0.5711,418.54,15.01,1607
PROD00008355,Books,1,0,0.0,0.571,379.8,8.89,1608
PROD00000112,Clothing,1,1,100.0,0.571,259.57,40.28,1609
PROD00003214,Clothing,1,1,100.0,0.5709,241.72,33.57,1610
PROD00007432,Clothing,1,1,100.0,0.5709,5.78,42.21,1611
PROD00002469,Home,1,1,100.0,0.5709,276.07,3.65,1612
PROD00004196,Electronics,1,1,100.0,0.5708,268.79,30.91,1613
PROD00009501,Books,1,0,0.0,0.5708,324.24,45.92,1614
PROD00005402,Electronics,1,1,100.0,0.5708,302.42,7.55,1615
PROD00005382,Toys,1,0,0.0,0.5707,374.44,8.5,1616
PROD00005961,Home,1,1,100.0,0.5706,483.85,22.4,1617
PROD00009826,Books,1,1,100.0,0.5705,67.84,31.82,1618
PROD00006553,Electronics,1,1,100.0,0.5705,54.93,12.29,1619
PROD00007106,Books,1,1,100.0,0.5705,448.19,27.21,1620
PROD00004239,Books,1,1,100.0,0.5704,248.1,5.94,1621
PROD00007185,Clothing,1,1,100.0,0.5704,434.75,48.45,1622
PROD00008760,Clothing,1,0,0.0,0.5704,233.23,22.36,1623
PROD00003746,Electronics,1,1,100.0,0.5704,13.55,30.22,1624
PROD00001775,Clothing,1,1,100.0,0.5704,29.45,5.96,1625
PROD00005849,Clothing,1,1,100.0,0.5703,47.18,23.54,1626
PROD00000885,Clothing,1,1,100.0,0.5703,235.24,28.08,1627
PROD00000180,Clothing,1,0,0.0,0.5702,233.21,2.79,1628
PROD00002336,Home,1,1,100.0,0.5702,318.65,1.79,1629
PROD00008006,Books,1,1,100.0,0.5702,309.2,30.49,1630
PROD00002784,Books,1,1,100.0,0.5702,100.99,29.13,1631
PROD00006523,Toys,1,0,0.0,0.5701,101.59,15.82,1632
PROD00009049,Toys,1,0,0.0,0.5701,149.08,30.96,1633
PROD00008583,Books,1,1,100.0,0.5701,160.01,27.02,1634
PROD00000937,Books,1,0,0.0,0.5701,411.5,33.22,1635
PROD00006542,Clothing,1,1,100.0,0.5701,185.08,33.45,1636
PROD00003242,Home,1,1,100.0,0.5701,464.71,3.56,1637
PROD00008167,Clothing,1,0,0.0,0.57,328.07,29.35,1638
PROD00000554,Books,1,1,100.0,0.57,391.94,28.18,1639
PROD00007259,Electronics,1,0,0.0,0.5699,345.97,20.15,1640
PROD00006152,Clothing,1,0,0.0,0.5699,404.96,49.86,1641
PROD00005726,Toys,1,1,100.0,0.5699,104.05,12.09,1642
PROD00000854,Home,1,0,0.0,0.5698,290.52,19.63,1643
PROD00001460,Clothing,1,1,100.0,0.5697,131.54,25.91,1644
PROD00000155,Books,1,1,100.0,0.5697,332.49,34.21,1645
PROD00002935,Books,1,0,0.0,0.5696,335.82,3.92,1646
PROD00008731,Electronics,1,0,0.0,0.5696,435.4,14.33,1647
PROD00008906,Electronics,1,0,0.0,0.5696,181.69,26.36,1648
PROD00000283,Electronics,1,1,100.0,0.5696,411.49,21.99,1649
PROD00007015,Toys,1,0,0.0,0.5696,130.72,1.9,1650
PROD00008093,Clothing,1,0,0.0,0.5696,400.64,23.3,1651
PROD00005029,Electronics,1,1,100.0,0.5695,470.49,42.27,1652
PROD00001680,Books,1,0,0.0,0.5695,493.54,48.5,1653
PROD00008774,Books,1,1,100.0,0.5694,183.12,18.52,1654
PROD00007828,Electronics,1,1,100.0,0.5694,22.35,9.03,1655
PROD00002909,Home,1,1,100.0,0.5693,49.96,47.73,1656
PROD00009354,Clothing,1,1,100.0,0.5693,159.99,10.23,1657
PROD00002713,Clothing,1,0,0.0,0.5693,180.93,4.21,1658
PROD00006259,Home,1,0,0.0,0.5693,56.41,29.28,1659
PROD00002187,Toys,1,1,100.0,0.5693,275.51,30.42,1660
PROD00005015,Toys,1,0,0.0,0.5693,6.54,14.67,1661
PROD00000109,Clothing,1,0,0.0,0.5692,51.56,44.74,1662
PROD00001748,Home,1,1,100.0,0.5691,276.76,41.42,1663
PROD00005912,Home,1,1,100.0,0.5691,378.1,34.61,1664
PROD00008319,Toys,1,1,100.0,0.5691,427.79,42.61,1665
PROD00001312,Electronics,1,1,100.0,0.569,334.41,41.42,1666
PROD00003463,Home,1,1,100.0,0.569,327.43,35.52,1667
PROD00001734,Toys,1,1,100.0,0.569,223.69,11.12,1668
PROD00002332,Books,1,0,0.0,0.569,353.76,26.0,1669
PROD00005216,Clothing,1,0,0.0,0.5689,283.89,18.1,1670
PROD00001846,Toys,1,0,0.0,0.5689,220.22,24.78,1671
PROD00007098,Books,1,0,0.0,0.5689,499.68,49.62,1672
PROD00008644,Books,1,0,0.0,0.5689,301.86,17.76,1673
PROD00000426,Clothing,1,0,0.0,0.5689,92.37,41.91,1674
PROD00007101,Toys,1,1,100.0,0.5689,263.61,41.12,1675
PROD00005251,Clothing,1,0,0.0,0.5689,31.45,20.31,1676
PROD00008374,Electronics,1,1,100.0,0.5689,182.51,34.38,1677
PROD00004179,Electronics,1,1,100.0,0.5688,108.66,49.23,1678
PROD00009589,Home,1,1,100.0,0.5688,32.09,40.02,1679
PROD00003758,Toys,1,1,100.0,0.5688,174.1,37.99,1680
PROD00000863,Electronics,1,0,0.0,0.5687,77.46,31.83,1681
PROD00009111,Electronics,1,1,100.0,0.5687,334.73,26.07,1682
PROD00003616,Clothing,1,0,0.0,0.5687,104.09,24.61,1683
PROD00007142,Toys,1,0,0.0,0.5686,281.44,46.25,1684
PROD00000248,Books,1,1,100.0,0.5686,27.39,42.79,1685
PROD00001899,Toys,1,1,100.0,0.5685,155.02,47.45,1686
PROD00005312,Home,1,1,100.0,0.5685,308.3,5.07,1687
PROD00007186,Clothing,1,1,100.0,0.5684,394.76,25.5,1688
PROD00003383,Clothing,1,0,0.0,0.5684,309.67,6.76,1689
PROD00004602,Toys,1,1,100.0,0.5684,156.13,18.56,1690
PROD00005883,Electronics,1,0,0.0,0.5684,201.88,41.32,1691
PROD00009160,Home,1,1,100.0,0.5684,118.46,16.62,1692
PROD00005148,Home,1,1,100.0,0.5683,319.29,29.81,1693
PROD00003767,Clothing,1,1,100.0,0.5683,112.68,0.82,1694
PROD00003457,Books,1,1,100.0,0.5683,162.16,35.97,1695
PROD00002406,Books,1,0,0.0,0.5683,402.92,29.81,1696
PROD00009093,Electronics,1,1,100.0,0.5682,339.73,38.15,1697
PROD00000674,Electronics,1,1,100.0,0.5682,479.34,25.61,1698
PROD00003903,Toys,1,1,100.0,0.5682,77.17,41.1,1699
PROD00001640,Electronics,1,1,100.0,0.5682,59.71,42.62,1700
PROD00000172,Toys,1,1,100.0,0.5682,47.05,45.62,1701
PROD00001306,Electronics,1,1,100.0,0.5681,81.4,23.53,1702
PROD00005832,Toys,1,0,0.0,0.5681,461.24,36.3,1703
PROD00007135,Toys,1,0,0.0,0.5681,184.6,37.34,1704
PROD00000908,Home,1,0,0.0,0.5681,120.12,12.56,1705
PROD00003248,Clothing,1,1,100.0,0.568,266.87,22.88,1706
PROD00000256,Clothing,1,0,0.0,0.568,80.4,9.56,1707
PROD00002232,Books,1,1,100.0,0.568,103.36,18.81,1708
PROD00002655,Books,1,0,0.0,0.568,404.41,39.43,1709
PROD00003096,Electronics,1,1,100.0,0.5679,435.76,34.79,1710
PROD00006497,Home,1,1,100.0,0.5679,383.06,28.51,1711
PROD00001684,Clothing,1,0,0.0,0.5679,246.62,37.46,1712
PROD00000093,Home,1,1,100.0,0.5678,230.9,26.62,1713
PROD00008217,Clothing,1,1,100.0,0.5678,241.12,41.62,1714
PROD00006215,Books,1,1,100.0,0.5678,15.72,10.24,1715
PROD00003090,Toys,1,1,100.0,0.5678,261.55,15.04,1716
PROD00005328,Toys,1,1,100.0,0.5678,203.54,30.51,1717
PROD00002409,Home,1,0,0.0,0.5678,56.83,33.69,1718
PROD00003942,Books,1,1,100.0,0.5678,203.3,18.24,1719
PROD00003955,Toys,1,1,100.0,0.5678,325.12,2.65,1720
PROD00002656,Toys,1,0,0.0,0.5677,72.24,8.3,1721
PROD00002978,Toys,1,1,100.0,0.5676,205.64,16.06,1722
PROD00001043,Books,1,1,100.0,0.5676,471.21,47.62,1723
PROD00001432,Toys,1,1,100.0,0.5675,259.22,48.43,1724
PROD00008191,Electronics,1,1,100.0,0.5675,321.79,39.62,1725
PROD00009281,Toys,1,1,100.0,0.5675,252.08,49.29,1726
PROD00004709,Clothing,1,0,0.0,0.5675,274.38,24.06,1727
PROD00004954,Books,1,0,0.0,0.5675,442.88,20.53,1728
PROD00000897,Home,1,1,100.0,0.5675,129.78,9.48,1729
PROD00001075,Home,1,1,100.0,0.5674,340.34,47.23,1730
PROD00000099,Books,1,1,100.0,0.5673,46.61,8.9,1731
PROD00005209,Books,1,0,0.0,0.5673,484.26,10.7,1732
PROD00008905,Electronics,1,0,0.0,0.5672,376.71,9.17,1733
PROD00002823,Home,1,1,100.0,0.5672,166.94,36.24,1734
PROD00007840,Home,1,1,100.0,0.5672,125.14,36.05,1735
PROD00001819,Toys,1,1,100.0,0.5671,310.36,38.16,1736
PROD00006645,Home,1,1,100.0,0.5671,34.53,10.73,1737
PROD00008013,Clothing,1,1,100.0,0.5671,395.54,38.33,1738
PROD00002348,Toys,1,1,100.0,0.5671,13.72,29.75,1739
PROD00004960,Electronics,1,1,100.0,0.5671,174.78,39.3,1740
PROD00004792,Electronics,1,1,100.0,0.5671,318.82,1.2,1741
PROD00008150,Clothing,1,1,100.0,0.5671,299.61,43.21,1742
PROD00006375,Clothing,1,1,100.0,0.567,273.11,31.73,1743
PROD00001761,Clothing,1,0,0.0,0.567,464.35,43.06,1744
PROD00003129,Home,1,0,0.0,0.5668,207.3,2.59,1745
PROD00005743,Home,1,1,100.0,0.5668,170.89,46.18,1746
PROD00005843,Books,1,0,0.0,0.5668,55.19,5.12,1747
PROD00009903,Clothing,1,0,0.0,0.5668,212.58,24.61,1748
PROD00001488,Home,1,1,100.0,0.5666,256.97,47.64,1749
PROD00000267,Books,1,1,100.0,0.5666,104.54,10.73,1750
PROD00000119,Clothing,1,0,0.0,0.5665,468.62,46.77,1751
PROD00009884,Books,1,1,100.0,0.5665,412.16,14.9,1752
PROD00001404,Clothing,1,1,100.0,0.5665,63.51,37.05,1753
PROD00009565,Clothing,1,1,100.0,0.5665,169.35,13.61,1754
PROD00002226,Electronics,1,0,0.0,0.5665,344.96,15.43,1755
PROD00001753,Clothing,1,0,0.0,0.5665,347.87,49.6,1756
PROD00008833,Clothing,1,0,0.0,0.5664,133.78,31.0,1757
PROD00003041,Home,1,1,100.0,0.5664,193.67,47.01,1758
PROD00004568,Electronics,1,0,0.0,0.5664,423.36,45.25,1759
PROD00005615,Electronics,1,0,0.0,0.5664,372.4,37.0,1760
PROD00000599,Clothing,1,1,100.0,0.5664,439.5,7.15,1761
PROD00008017,Books,1,1,100.0,0.5664,252.76,14.13,1762
PROD00003470,Books,1,0,0.0,0.5663,264.89,45.48,1763
PROD00003908,Clothing,1,1,100.0,0.5663,89.89,12.84,1764
PROD00003061,Home,1,0,0.0,0.5663,298.86,5.17,1765
PROD00007363,Toys,1,0,0.0,0.5663,99.27,0.42,1766
PROD00001806,Clothing,1,1,100.0,0.5663,353.0,33.86,1767
PROD00009497,Books,1,0,0.0,0.5662,52.98,36.71,1768
PROD00004299,Clothing,1,1,100.0,0.5662,462.95,48.42,1769
PROD00006332,Books,1,1,100.0,0.5662,300.66,20.7,1770
PROD00006003,Home,1,1,100.0,0.5662,308.23,16.04,1771
PROD00002969,Electronics,1,1,100.0,0.5662,51.32,38.84,1772
PROD00003183,Clothing,1,0,0.0,0.5662,81.14,25.62,1773
PROD00004820,Books,1,1,100.0,0.5662,463.98,25.04,1774
PROD00000371,Books,1,0,0.0,0.5662,302.12,41.16,1775
PROD00002821,Electronics,1,0,0.0,0.5662,178.12,39.93,1776
PROD00005097,Clothing,1,1,100.0,0.5661,472.39,35.95,1777
PROD00005113,Toys,1,1,100.0,0.5661,419.51,44.01,1778
PROD00006040,Toys,1,1,100.0,0.5661,396.5,0.35,1779
PROD00002323,Toys,1,0,0.0,0.5661,199.72,33.29,1780
PROD00009975,Clothing,1,1,100.0,0.5661,353.98,49.33,1781
PROD00006753,Home,1,0,0.0,0.566,8.53,43.95,1782
PROD00006282,Home,1,1,100.0,0.566,63.39,48.33,1783
PROD00009532,Home,1,1,100.0,0.566,87.09,27.39,1784
PROD00001173,Electronics,1,1,100.0,0.5659,356.28,15.73,1785
PROD00008837,Clothing,1,0,0.0,0.5659,414.71,18.49,1786
PROD00009517,Books,1,1,100.0,0.5659,408.11,16.78,1787
PROD00001747,Electronics,1,0,0.0,0.5659,223.6,18.67,1788
PROD00005510,Clothing,1,1,100.0,0.5659,376.0,2.69,1789
PROD00008075,Electronics,1,1,100.0,0.5659,141.1,45.1,1790
PROD00007823,Home,1,1,100.0,0.5659,17.39,9.19,1791
PROD00009971,Electronics,1,0,0.0,0.5658,24.36,14.5,1792
PROD00005464,Clothing,1,1,100.0,0.5658,128.69,32.82,1793
PROD00005040,Books,1,0,0.0,0.5658,187.31,4.83,1794
PROD00002486,Toys,1,1,100.0,0.5658,253.19,9.06,1795
PROD00008558,Electronics,1,1,100.0,0.5658,282.65,10.1,1796
PROD00008533,Clothing,1,0,0.0,0.5658,32.09,17.72,1797
PROD00005664,Books,1,0,0.0,0.5658,478.0,18.46,1798
PROD00000824,Clothing,1,1,100.0,0.5658,271.1,38.38,1799
PROD00002669,Toys,1,0,0.0,0.5657,366.28,7.91,1800
PROD00005953,Electronics,1,1,100.0,0.5657,497.24,14.28,1801
PROD00004828,Toys,1,0,0.0,0.5657,205.17,6.59,1802
PROD00006166,Clothing,1,0,0.0,0.5656,63.88,36.05,1803
PROD00002368,Electronics,1,1,100.0,0.5656,430.72,22.52,1804
PROD00003404,Clothing,1,1,100.0,0.5655,18.4,47.77,1805
PROD00007574,Toys,1,0,0.0,0.5655,189.17,25.26,1806
PROD00007788,Clothing,1,0,0.0,0.5655,385.43,43.82,1807
PROD00005607,Books,1,0,0.0,0.5655,374.26,25.64,1808
PROD00001715,Books,1,1,100.0,0.5655,26.11,48.97,1809
PROD00006481,Clothing,1,1,100.0,0.5654,113.92,33.3,1810
PROD00003153,Electronics,1,0,0.0,0.5654,96.0,48.65,1811
PROD00006626,Home,1,1,100.0,0.5653,154.28,6.83,1812
PROD00005006,Books,1,0,0.0,0.5653,381.33,17.55,1813
PROD00001967,Electronics,1,1,100.0,0.5653,304.48,38.98,1814
PROD00003847,Home,1,0,0.0,0.5653,315.23,31.24,1815
PROD00002824,Electronics,1,1,100.0,0.5652,111.12,35.03,1816
PROD00006727,Electronics,1,1,100.0,0.5652,54.39,44.9,1817
PROD00009483,Home,1,1,100.0,0.5652,272.12,25.73,1818
PROD00004248,Home,1,0,0.0,0.5652,484.09,46.37,1819
PROD00001837,Home,1,1,100.0,0.5651,239.29,25.74,1820
PROD00000050,Books,1,1,100.0,0.5651,23.6,6.53,1821
PROD00008949,Home,1,1,100.0,0.5651,68.96,36.4,1822
PROD00008920,Clothing,1,1,100.0,0.565,87.67,35.4,1823
PROD00003127,Home,1,0,0.0,0.565,448.39,46.16,1824
PROD00004729,Clothing,1,1,100.0,0.565,471.0,10.76,1825
PROD00000009,Clothing,1,1,100.0,0.565,294.94,45.21,1826
PROD00000423,Clothing,1,0,0.0,0.5649,110.18,45.46,1827
PROD00000146,Clothing,1,0,0.0,0.5649,328.09,8.73,1828
PROD00004360,Books,1,1,100.0,0.5649,409.99,42.65,1829
PROD00007974,Home,1,1,100.0,0.5649,300.65,2.01,1830
PROD00009272,Electronics,1,1,100.0,0.5649,167.08,5.59,1831
PROD00008736,Home,1,0,0.0,0.5649,435.07,30.06,1832
PROD00001382,Electronics,1,1,100.0,0.5649,199.85,11.12,1833
PROD00003082,Books,1,1,100.0,0.5649,107.8,21.37,1834
PROD00009555,Clothing,1,1,100.0,0.5648,35.3,16.9,1835
PROD00009623,Home,1,1,100.0,0.5648,30.34,32.45,1836
PROD00005748,Toys,1,0,0.0,0.5647,73.74,43.46,1837
PROD00001824,Clothing,1,0,0.0,0.5647,323.75,41.43,1838
PROD00008663,Electronics,1,1,100.0,0.5646,352.72,45.99,1839
PROD00001946,Electronics,1,1,100.0,0.5646,376.97,29.27,1840
PROD00004447,Home,1,1,100.0,0.5646,181.98,11.92,1841
PROD00000366,Toys,1,0,0.0,0.5646,194.2,28.59,1842
PROD00001802,Clothing,1,1,100.0,0.5645,16.98,42.56,1843
PROD00005588,Books,1,1,100.0,0.5645,422.1,22.22,1844
PROD00001080,Clothing,1,1,100.0,0.5645,446.63,48.6,1845
PROD00003904,Toys,1,1,100.0,0.5643,23.06,11.39,1846
PROD00006216,Books,1,1,100.0,0.5643,335.76,15.49,1847
PROD00000078,Toys,1,1,100.0,0.5643,64.29,47.4,1848
PROD00001246,Toys,1,0,0.0,0.5643,184.43,27.8,1849
PROD00002568,Toys,1,0,0.0,0.5642,361.56,12.55,1850
PROD00004252,Toys,1,1,100.0,0.5642,432.99,24.64,1851
PROD00000755,Books,1,1,100.0,0.5642,239.86,27.06,1852
PROD00006220,Home,1,0,0.0,0.5642,211.24,46.74,1853
PROD00006686,Electronics,1,1,100.0,0.5641,33.51,37.27,1854
PROD00009870,Clothing,1,1,100.0,0.5641,110.2,5.84,1855
PROD00007161,Books,1,1,100.0,0.564,307.05,38.25,1856
PROD00007438,Clothing,1,1,100.0,0.564,37.43,39.73,1857
PROD00006218,Home,1,0,0.0,0.5639,8.75,7.38,1858
PROD00006797,Clothing,1,1,100.0,0.5639,80.1,34.55,1859
PROD00000373,Electronics,1,1,100.0,0.5639,126.57,42.49,1860
PROD00002334,Electronics,1,1,100.0,0.5639,480.49,18.76,1861
PROD00009432,Clothing,1,1,100.0,0.5638,240.38,3.38,1862
PROD00003957,Electronics,1,1,100.0,0.5638,171.35,39.82,1863
PROD00003912,Books,1,1,100.0,0.5638,380.25,42.44,1864
PROD00009602,Home,1,1,100.0,0.5638,150.65,18.36,1865
PROD00004480,Home,1,1,100.0,0.5637,449.77,32.79,1866
PROD00001309,Electronics,1,1,100.0,0.5637,237.03,15.74,1867
PROD00002958,Clothing,1,0,0.0,0.5637,200.59,16.17,1868
PROD00003232,Electronics,1,0,0.0,0.5637,111.79,19.68,1869
PROD00004344,Home,1,1,100.0,0.5636,384.9,46.09,1870
PROD00005583,Home,1,1,100.0,0.5636,303.91,38.5,1871
PROD00007336,Clothing,1,1,100.0,0.5636,327.57,1.67,1872
PROD00003165,Books,1,1,100.0,0.5635,112.03,6.79,1873
PROD00008953,Electronics,1,0,0.0,0.5635,70.64,18.44,1874
PROD00009553,Books,1,0,0.0,0.5633,236.93,20.19,1875
PROD00005443,Home,1,0,0.0,0.5633,358.24,3.05,1876
PROD00003281,Clothing,1,1,100.0,0.5633,291.24,39.45,1877
PROD00005558,Books,1,1,100.0,0.5632,437.54,26.82,1878
PROD00000299,Toys,1,0,0.0,0.5632,138.11,18.15,1879
PROD00009215,Books,1,0,0.0,0.5632,252.13,10.56,1880
PROD00000695,Books,1,0,0.0,0.5632,279.66,42.02,1881
PROD00007936,Clothing,1,1,100.0,0.5631,73.25,6.62,1882
PROD00002800,Electronics,1,1,100.0,0.5631,360.72,47.82,1883
PROD00001322,Books,1,0,0.0,0.5631,111.84,39.06,1884
PROD00008260,Books,1,1,100.0,0.5631,266.47,25.18,1885
PROD00003140,Books,1,0,0.0,0.563,413.1,43.76,1886
PROD00005798,Electronics,1,0,0.0,0.563,191.86,33.74,1887
PROD00005095,Home,1,1,100.0,0.563,387.42,27.89,1888
PROD00003216,Books,1,1,100.0,0.563,43.32,44.25,1889
PROD00005789,Clothing,1,1,100.0,0.563,292.65,16.12,1890
PROD00006943,Toys,1,1,100.0,0.563,290.19,21.64,1891
PROD00007309,Clothing,1,1,100.0,0.563,406.73,42.81,1892
PROD00009585,Electronics,1,0,0.0,0.563,419.81,7.98,1893
PROD00003441,Clothing,1,1,100.0,0.563,332.4,14.4,1894
PROD00008668,Books,1,0,0.0,0.5629,264.01,49.64,1895
PROD00005651,Clothing,1,0,0.0,0.5629,195.07,19.11,1896
PROD00004815,Home,1,0,0.0,0.5628,185.73,34.6,1897
PROD00004696,Electronics,1,0,0.0,0.5628,45.42,28.09,1898
PROD00004151,Home,1,0,0.0,0.5627,327.04,2.2,1899
PROD00004337,Books,1,0,0.0,0.5627,363.64,12.13,1900
PROD00001731,Electronics,1,0,0.0,0.5627,288.89,41.22,1901
PROD00003945,Books,1,1,100.0,0.5627,204.43,44.65,1902
PROD00007877,Books,1,1,100.0,0.5627,333.47,11.68,1903
PROD00003156,Books,1,1,100.0,0.5627,282.74,49.66,1904
PROD00007637,Toys,1,1,100.0,0.5626,299.02,44.5,1905
PROD00005125,Home,1,1,100.0,0.5626,342.66,23.63,1906
PROD00007290,Home,1,0,0.0,0.5626,485.34,39.12,1907
PROD00009104,Home,1,0,0.0,0.5626,219.79,23.01,1908
PROD00009931,Clothing,1,1,100.0,0.5626,204.44,40.13,1909
PROD00004802,Books,1,1,100.0,0.5626,499.44,42.9,1910
PROD00005275,Toys,1,1,100.0,0.5625,282.4,4.91,1911
PROD00008943,Toys,1,1,100.0,0.5625,127.54,37.46,1912
PROD00007548,Books,1,0,0.0,0.5625,210.79,15.65,1913
PROD00009366,Toys,1,0,0.0,0.5625,327.25,6.04,1914
PROD00007414,Electronics,1,0,0.0,0.5625,147.31,5.42,1915
PROD00003926,Clothing,1,0,0.0,0.5624,239.88,48.81,1916
PROD00001589,Toys,1,0,0.0,0.5624,36.09,45.56,1917
PROD00005800,Electronics,1,0,0.0,0.5623,101.3,27.68,1918
PROD00002341,Books,1,1,100.0,0.5623,215.35,43.56,1919
PROD00002843,Books,1,1,100.0,0.5623,72.39,12.17,1920
PROD00008951,Toys,1,0,0.0,0.5623,384.15,41.77,1921
PROD00006573,Toys,1,1,100.0,0.5622,356.31,26.99,1922
PROD00009899,Clothing,1,1,100.0,0.5621,285.57,41.21,1923
PROD00000900,Home,1,1,100.0,0.5621,59.07,26.95,1924
PROD00000335,Clothing,1,1,100.0,0.5621,45.39,7.2,1925
PROD00005081,Electronics,1,1,100.0,0.5621,95.58,30.9,1926
PROD00000595,Clothing,1,1,100.0,0.5621,67.03,5.6,1927
PROD00002134,Home,1,1,100.0,0.5621,57.95,1.25,1928
PROD00006137,Electronics,1,0,0.0,0.5619,171.71,23.55,1929
PROD00009153,Toys,1,1,100.0,0.5619,277.04,9.12,1930
PROD00006326,Electronics,1,0,0.0,0.5618,379.74,39.03,1931
PROD00004290,Clothing,1,0,0.0,0.5618,108.74,11.17,1932
PROD00007465,Electronics,1,0,0.0,0.5618,70.57,31.9,1933
PROD00001310,Books,1,1,100.0,0.5617,390.61,12.16,1934
PROD00002748,Clothing,1,1,100.0,0.5617,89.8,9.51,1935
PROD00006376,Clothing,1,0,0.0,0.5617,157.08,25.03,1936
PROD00004941,Electronics,1,0,0.0,0.5616,14.36,21.52,1937
PROD00001599,Books,1,0,0.0,0.5616,97.09,44.78,1938
PROD00001062,Toys,1,0,0.0,0.5616,242.8,21.69,1939
PROD00002563,Books,1,1,100.0,0.5616,289.38,40.88,1940
PROD00001337,Books,1,1,100.0,0.5616,484.0,22.12,1941
PROD00003994,Electronics,1,1,100.0,0.5615,482.4,40.53,1942
PROD00005643,Toys,1,0,0.0,0.5615,322.96,44.57,1943
PROD00005829,Books,1,1,100.0,0.5615,105.45,44.63,1944
PROD00005104,Electronics,1,0,0.0,0.5615,240.8,39.66,1945
PROD00009440,Toys,1,1,100.0,0.5615,497.94,38.66,1946
PROD00004224,Clothing,1,0,0.0,0.5615,23.69,25.92,1947
PROD00008299,Clothing,1,1,100.0,0.5614,152.5,25.26,1948
PROD00008113,Clothing,1,1,100.0,0.5614,301.95,47.26,1949
PROD00005379,Books,1,0,0.0,0.5613,125.72,5.62,1950
PROD00000519,Toys,1,1,100.0,0.5613,10.27,4.42,1951
PROD00000031,Electronics,1,0,0.0,0.5613,481.73,20.03,1952
PROD00002788,Clothing,1,0,0.0,0.5613,67.14,22.71,1953
PROD00000419,Books,1,0,0.0,0.5612,297.43,32.61,1954
PROD00000094,Clothing,1,0,0.0,0.5612,296.56,32.02,1955
PROD00008126,Home,1,1,100.0,0.5612,163.94,30.77,1956
PROD00009042,Electronics,1,1,100.0,0.5612,163.16,2.37,1957
PROD00003246,Books,1,1,100.0,0.5611,55.66,40.45,1958
PROD00008084,Electronics,1,0,0.0,0.5611,206.05,42.02,1959
PROD00006254,Electronics,1,1,100.0,0.5611,46.13,48.0,1960
PROD00007441,Toys,1,0,0.0,0.5611,328.2,40.49,1961
PROD00005137,Home,1,0,0.0,0.5611,425.91,1.72,1962
PROD00008436,Clothing,1,1,100.0,0.5611,225.92,0.94,1963
PROD00006333,Books,1,1,100.0,0.561,97.39,29.03,1964
PROD00001622,Clothing,1,1,100.0,0.561,23.47,32.65,1965
PROD00005100,Electronics,1,0,0.0,0.561,145.34,1.2,1966
PROD00005610,Clothing,1,1,100.0,0.561,270.14,38.02,1967
PROD00005138,Toys,1,0,0.0,0.561,194.44,17.3,1968
PROD00002230,Toys,1,0,0.0,0.5609,233.2,3.17,1969
PROD00004543,Clothing,1,1,100.0,0.5609,40.53,34.4,1970
PROD00003788,Books,1,0,0.0,0.5608,206.05,38.51,1971
PROD00004946,Electronics,1,0,0.0,0.5608,126.67,44.19,1972
PROD00005980,Toys,1,1,100.0,0.5607,33.07,19.26,1973
PROD00001865,Electronics,1,1,100.0,0.5607,307.88,28.97,1974
PROD00008379,Electronics,1,1,100.0,0.5607,273.52,6.99,1975
PROD00007933,Clothing,1,1,100.0,0.5607,312.95,8.25,1976
PROD00006961,Books,1,0,0.0,0.5607,470.44,40.88,1977
PROD00007744,Home,1,1,100.0,0.5607,272.77,9.5,1978
PROD00008216,Books,1,1,100.0,0.5607,192.73,6.46,1979
PROD00008844,Home,1,1,100.0,0.5606,152.1,16.34,1980
PROD00000876,Electronics,1,1,100.0,0.5606,48.1,35.56,1981
PROD00002088,Home,1,0,0.0,0.5606,100.7,27.51,1982
PROD00008796,Electronics,1,0,0.0,0.5605,201.0,13.56,1983
PROD00002100,Books,1,0,0.0,0.5605,136.87,34.15,1984
PROD00004270,Books,1,1,100.0,0.5604,220.41,16.06,1985
PROD00006941,Books,1,1,100.0,0.5603,435.03,18.04,1986
PROD00009239,Home,1,0,0.0,0.5603,210.8,36.73,1987
PROD00006638,Home,1,1,100.0,0.5603,298.09,19.75,1988
PROD00008404,Electronics,1,1,100.0,0.5603,311.28,6.42,1989
PROD00000799,Books,1,1,100.0,0.5602,133.34,48.33,1990
PROD00001578,Clothing,1,0,0.0,0.5602,224.1,22.58,1991
PROD00008980,Toys,1,1,100.0,0.5602,242.18,33.41,1992
PROD00002015,Clothing,1,1,100.0,0.5601,443.96,7.09,1993
PROD00008430,Toys,1,1,100.0,0.5601,289.13,0.85,1994
PROD00001594,Electronics,1,1,100.0,0.5601,300.47,28.81,1995
PROD00005848,Clothing,1,1,100.0,0.5601,178.14,37.67,1996
PROD00001199,Clothing,1,1,100.0,0.5601,113.7,19.4,1997
PROD00000623,Electronics,1,0,0.0,0.5601,14.22,43.31,1998
PROD00003121,Home,1,1,100.0,0.56,471.31,40.97,1999
PROD00008165,Toys,1,1,100.0,0.56,346.61,18.85,2000
PROD00001423,Clothing,1,1,100.0,0.56,92.93,7.98,2001
PROD00007082,Electronics,1,0,0.0,0.56,249.18,43.71,2002
PROD00009625,Toys,1,1,100.0,0.56,273.17,44.73,2003
PROD00004286,Home,1,0,0.0,0.5599,251.59,48.62,2004
PROD00008187,Books,1,0,0.0,0.5599,66.22,20.76,2005
PROD00008380,Toys,1,1,100.0,0.5599,477.24,37.69,2006
PROD00000992,Toys,1,1,100.0,0.5597,370.47,47.05,2007
PROD00009271,Books,1,0,0.0,0.5596,36.21,39.23,2008
PROD00002221,Toys,1,1,100.0,0.5596,260.33,29.37,2009
PROD00006505,Clothing,1,1,100.0,0.5596,299.9,30.55,2010
PROD00003498,Clothing,1,0,0.0,0.5596,235.93,45.14,2011
PROD00002849,Electronics,1,1,100.0,0.5596,183.39,23.08,2012
PROD00005778,Electronics,1,0,0.0,0.5596,377.99,35.8,2013
PROD00008183,Books,1,0,0.0,0.5596,247.41,25.71,2014
PROD00005910,Books,1,0,0.0,0.5595,490.49,12.97,2015
PROD00000957,Home,1,0,0.0,0.5595,63.59,47.26,2016
PROD00004805,Clothing,1,0,0.0,0.5594,115.31,28.64,2017
PROD00000166,Books,1,0,0.0,0.5594,300.03,46.37,2018
PROD00002826,Clothing,1,0,0.0,0.5593,39.45,27.56,2019
PROD00008016,Toys,1,1,100.0,0.5593,316.66,38.98,2020
PROD00000261,Clothing,1,1,100.0,0.5593,409.57,29.37,2021
PROD00008145,Home,1,0,0.0,0.5593,65.22,14.02,2022
PROD00000857,Electronics,1,1,100.0,0.5593,378.22,38.89,2023
PROD00007398,Electronics,1,1,100.0,0.5592,421.66,23.34,2024
PROD00004703,Clothing,1,1,100.0,0.5592,167.99,29.13,2025
PROD00007805,Clothing,1,0,0.0,0.5592,228.39,38.21,2026
PROD00008866,Toys,1,1,100.0,0.5591,132.53,23.23,2027
PROD00008422,Clothing,1,1,100.0,0.5591,27.79,34.27,2028
PROD00001260,Electronics,1,0,0.0,0.559,476.39,37.74,2029
PROD00004177,Clothing,1,1,100.0,0.559,49.29,35.6,2030
PROD00005932,Home,1,1,100.0,0.559,102.3,14.57,2031
PROD00001533,Electronics,1,0,0.0,0.559,387.27,3.09,2032
PROD00006748,Electronics,1,1,100.0,0.5588,71.51,39.85,2033
PROD00004919,Home,1,1,100.0,0.5588,167.27,36.22,2034
PROD00000468,Clothing,1,1,100.0,0.5587,62.01,43.1,2035
PROD00006792,Toys,1,1,100.0,0.5587,288.25,35.04,2036
PROD00009885,Toys,1,0,0.0,0.5587,295.1,31.53,2037
PROD00002997,Clothing,1,1,100.0,0.5586,86.58,37.52,2038
PROD00002279,Electronics,1,1,100.0,0.5585,309.01,37.64,2039
PROD00000815,Home,1,0,0.0,0.5585,115.73,38.17,2040
PROD00001743,Toys,1,1,100.0,0.5585,465.36,11.18,2041
PROD00001024,Books,1,0,0.0,0.5585,401.52,46.12,2042
PROD00000774,Electronics,1,0,0.0,0.5584,5.45,13.69,2043
PROD00005201,Home,1,0,0.0,0.5584,218.14,15.16,2044
PROD00004832,Clothing,1,0,0.0,0.5584,256.46,34.32,2045
PROD00007406,Clothing,1,1,100.0,0.5584,347.48,25.36,2046
PROD00000182,Clothing,1,1,100.0,0.5583,69.89,32.4,2047
PROD00006470,Clothing,1,0,0.0,0.5583,437.34,30.71,2048
PROD00000590,Toys,1,0,0.0,0.5582,177.2,31.28,2049
PROD00006146,Books,1,1,100.0,0.5582,42.22,49.25,2050
PROD00006112,Electronics,1,0,0.0,0.5582,459.72,45.53,2051
PROD00003797,Toys,1,1,100.0,0.5582,156.85,10.84,2052
PROD00007970,Clothing,1,1,100.0,0.5581,312.15,15.91,2053
PROD00008889,Electronics,1,1,100.0,0.5581,489.53,40.6,2054
PROD00004157,Electronics,1,0,0.0,0.5581,466.91,39.28,2055
PROD00008181,Clothing,1,1,100.0,0.5581,121.76,38.64,2056
PROD00009632,Clothing,1,0,0.0,0.5581,288.92,36.01,2057
PROD00000290,Home,1,0,0.0,0.558,431.36,40.2,2058
PROD00001143,Electronics,1,1,100.0,0.558,483.41,48.0,2059
PROD00005161,Home,1,0,0.0,0.558,9.72,19.67,2060
PROD00000102,Books,1,0,0.0,0.558,146.37,42.55,2061
PROD00005421,Books,1,1,100.0,0.558,312.14,22.7,2062
PROD00003667,Books,1,0,0.0,0.558,146.71,26.74,2063
PROD00001615,Books,1,0,0.0,0.558,269.13,30.9,2064
PROD00001563,Electronics,1,1,100.0,0.558,18.93,40.24,2065
PROD00006988,Clothing,1,0,0.0,0.558,398.05,19.5,2066
PROD00008225,Toys,1,1,100.0,0.5579,443.8,2.99,2067
PROD00006983,Clothing,1,0,0.0,0.5579,92.2,14.04,2068
PROD00000839,Clothing,1,0,0.0,0.5579,262.66,0.42,2069
PROD00008061,Toys,1,0,0.0,0.5579,493.98,15.41,2070
PROD00002574,Home,1,0,0.0,0.5579,456.97,17.33,2071
PROD00008693,Electronics,1,0,0.0,0.5578,61.29,21.17,2072
PROD00006105,Books,1,1,100.0,0.5578,346.7,40.52,2073
PROD00003419,Electronics,1,1,100.0,0.5578,186.02,0.14,2074
PROD00004513,Electronics,1,1,100.0,0.5578,251.09,41.98,2075
PROD00008326,Electronics,1,0,0.0,0.5578,131.28,48.39,2076
PROD00001113,Electronics,1,1,100.0,0.5578,154.56,34.34,2077
PROD00009462,Home,1,1,100.0,0.5578,484.53,18.3,2078
PROD00005971,Toys,1,1,100.0,0.5578,76.14,9.28,2079
PROD00006536,Toys,1,0,0.0,0.5578,184.95,8.67,2080
PROD00000833,Clothing,1,1,100.0,0.5577,72.94,39.66,2081
PROD00000988,Clothing,1,1,100.0,0.5577,420.84,5.14,2082
PROD00000053,Clothing,1,1,100.0,0.5577,359.9,3.01,2083
PROD00001980,Clothing,1,1,100.0,0.5577,205.16,36.69,2084
PROD00009586,Electronics,1,1,100.0,0.5577,483.19,4.91,2085
PROD00005474,Electronics,1,0,0.0,0.5576,173.26,44.79,2086
PROD00000160,Clothing,1,1,100.0,0.5575,434.66,49.39,2087
PROD00009172,Home,1,0,0.0,0.5575,413.42,27.67,2088
PROD00002267,Home,1,1,100.0,0.5574,222.34,29.44,2089
PROD00001666,Electronics,1,0,0.0,0.5574,35.32,41.27,2090
PROD00004373,Home,1,0,0.0,0.5574,354.58,16.88,2091
PROD00007900,Clothing,1,0,0.0,0.5573,14.16,18.71,2092
PROD00001269,Clothing,1,1,100.0,0.5573,179.2,19.86,2093
PROD00007949,Toys,1,0,0.0,0.5573,203.82,18.45,2094
PROD00005442,Electronics,1,1,100.0,0.5573,253.41,3.52,2095
PROD00006883,Clothing,1,1,100.0,0.5573,188.06,47.38,2096
PROD00002675,Home,1,1,100.0,0.5573,340.9,34.1,2097
PROD00001714,Books,1,1,100.0,0.5572,183.73,25.39,2098
PROD00006851,Home,1,1,100.0,0.5572,354.41,27.86,2099
PROD00002429,Home,1,1,100.0,0.5572,74.03,38.67,2100
PROD00001139,Electronics,1,1,100.0,0.5572,168.88,44.5,2101
PROD00003672,Books,1,1,100.0,0.5571,86.35,49.0,2102
PROD00003752,Books,1,0,0.0,0.5571,362.82,40.48,2103
PROD00009679,Home,1,0,0.0,0.5571,351.43,49.98,2104
PROD00002020,Clothing,1,1,100.0,0.557,92.97,28.95,2105
PROD00001989,Toys,1,0,0.0,0.557,257.88,29.02,2106
PROD00001672,Books,1,1,100.0,0.557,160.26,40.85,2107
PROD00009377,Toys,1,1,100.0,0.557,459.41,41.26,2108
PROD00008271,Clothing,1,1,100.0,0.557,343.59,35.2,2109
PROD00007445,Home,1,0,0.0,0.557,418.95,14.79,2110
PROD00008815,Clothing,1,1,100.0,0.557,207.19,35.86,2111
PROD00004079,Books,1,1,100.0,0.5569,218.26,27.15,2112
PROD00000932,Home,1,1,100.0,0.5569,469.94,3.81,2113
PROD00003989,Electronics,1,0,0.0,0.5568,91.59,31.78,2114
PROD00009507,Books,1,0,0.0,0.5568,207.84,37.08,2115
PROD00000965,Books,1,1,100.0,0.5568,60.24,17.63,2116
PROD00000785,Clothing,1,0,0.0,0.5568,128.61,49.91,2117
PROD00009807,Electronics,1,1,100.0,0.5567,128.68,0.29,2118
PROD00002828,Toys,1,1,100.0,0.5567,304.86,11.39,2119
PROD00007947,Books,1,1,100.0,0.5567,154.58,33.57,2120
PROD00003539,Electronics,1,0,0.0,0.5567,206.89,48.82,2121
PROD00005424,Clothing,1,1,100.0,0.5567,409.67,12.5,2122
PROD00001670,Books,1,0,0.0,0.5566,130.81,15.86,2123
PROD00003280,Home,1,1,100.0,0.5565,258.12,14.14,2124
PROD00002617,Clothing,1,0,0.0,0.5565,425.4,23.87,2125
PROD00007461,Clothing,1,0,0.0,0.5565,275.97,31.35,2126
PROD00005795,Books,1,0,0.0,0.5565,297.11,45.09,2127
PROD00006598,Books,1,1,100.0,0.5565,113.66,37.48,2128
PROD00003664,Books,1,0,0.0,0.5564,38.59,40.18,2129
PROD00006675,Clothing,1,1,100.0,0.5564,207.89,6.45,2130
PROD00001129,Electronics,1,0,0.0,0.5564,265.79,33.75,2131
PROD00003218,Books,1,0,0.0,0.5563,217.45,16.14,2132
PROD00009142,Home,1,0,0.0,0.5563,61.85,14.29,2133
PROD00001966,Clothing,1,0,0.0,0.5562,147.66,38.62,2134
PROD00001558,Home,1,1,100.0,0.5562,380.57,17.74,2135
PROD00005258,Electronics,1,0,0.0,0.5562,412.34,42.35,2136
PROD00005864,Electronics,1,0,0.0,0.5562,383.97,41.48,2137
PROD00001864,Books,1,1,100.0,0.5562,332.06,43.93,2138
PROD00003558,Books,1,0,0.0,0.5562,499.45,18.19,2139
PROD00007711,Electronics,1,1,100.0,0.5562,303.28,43.13,2140
PROD00009743,Clothing,1,1,100.0,0.5562,374.71,9.24,2141
PROD00002364,Electronics,1,0,0.0,0.5561,173.31,38.66,2142
PROD00009713,Books,1,1,100.0,0.5561,119.14,32.72,2143
PROD00009947,Clothing,1,1,100.0,0.5561,173.72,0.41,2144
PROD00004622,Clothing,1,1,100.0,0.5561,448.09,25.16,2145
PROD00004698,Books,1,1,100.0,0.5561,112.31,34.62,2146
PROD00005931,Clothing,1,1,100.0,0.5561,411.06,41.02,2147
PROD00005260,Home,1,0,0.0,0.5561,57.82,30.5,2148
PROD00002292,Books,1,0,0.0,0.556,435.01,38.5,2149
PROD00000244,Toys,1,1,100.0,0.556,150.75,25.88,2150
PROD00001479,Books,1,1,100.0,0.5559,272.24,8.95,2151
PROD00001117,Clothing,1,1,100.0,0.5559,134.39,1.46,2152
PROD00000596,Books,1,1,100.0,0.5559,13.85,40.61,2153
PROD00009529,Electronics,1,1,100.0,0.5559,78.55,23.92,2154
PROD00008768,Toys,1,0,0.0,0.5559,237.71,2.11,2155
PROD00004102,Electronics,1,1,100.0,0.5558,28.79,6.68,2156
PROD00005265,Clothing,1,0,0.0,0.5558,460.36,15.86,2157
PROD00003152,Toys,1,1,100.0,0.5557,22.98,47.91,2158
PROD00003802,Electronics,1,1,100.0,0.5556,11.8,4.78,2159
PROD00003211,Toys,1,1,100.0,0.5556,493.47,23.87,2160
PROD00000420,Toys,1,1,100.0,0.5556,487.62,9.98,2161
PROD00006419,Home,1,0,0.0,0.5556,46.38,33.77,2162
PROD00008824,Home,1,0,0.0,0.5555,30.79,36.38,2163
PROD00007243,Home,1,1,100.0,0.5555,215.33,46.57,2164
PROD00008669,Toys,1,1,100.0,0.5555,356.48,30.45,2165
PROD00006396,Toys,1,0,0.0,0.5555,269.73,39.26,2166
PROD00008554,Books,1,0,0.0,0.5554,401.95,41.37,2167
PROD00003777,Toys,1,1,100.0,0.5554,348.19,20.85,2168
PROD00002811,Toys,1,1,100.0,0.5554,63.84,29.6,2169
PROD00006065,Toys,1,1,100.0,0.5554,230.67,46.01,2170
PROD00006923,Home,1,1,100.0,0.5554,478.2,0.03,2171
PROD00008761,Books,1,1,100.0,0.5554,285.04,38.88,2172
PROD00003915,Books,1,0,0.0,0.5553,264.06,47.05,2173
PROD00009865,Electronics,1,1,100.0,0.5553,467.17,41.34,2174
PROD00007699,Electronics,1,0,0.0,0.5553,440.89,48.66,2175
PROD00004723,Electronics,1,0,0.0,0.5552,151.37,33.75,2176
PROD00007410,Books,1,0,0.0,0.5552,233.17,46.1,2177
PROD00007993,Toys,1,0,0.0,0.5552,472.06,47.04,2178
PROD00001954,Electronics,1,0,0.0,0.5552,476.4,17.86,2179
PROD00008169,Electronics,1,0,0.0,0.5552,299.54,38.78,2180
PROD00004188,Electronics,1,1,100.0,0.5552,329.85,20.83,2181
PROD00008280,Home,1,0,0.0,0.5551,336.95,46.05,2182
PROD00007201,Electronics,1,1,100.0,0.5551,58.64,49.67,2183
PROD00009267,Toys,1,1,100.0,0.5551,151.06,2.04,2184
PROD00005542,Electronics,1,1,100.0,0.5551,291.25,15.23,2185
PROD00004920,Clothing,1,1,100.0,0.5551,225.88,45.84,2186
PROD00001415,Clothing,1,0,0.0,0.5551,263.33,28.2,2187
PROD00006860,Toys,1,0,0.0,0.555,385.13,44.97,2188
PROD00009912,Books,1,1,100.0,0.555,456.7,26.49,2189
PROD00007064,Books,1,0,0.0,0.555,451.11,36.06,2190
PROD00002504,Electronics,1,1,100.0,0.555,287.68,27.24,2191
PROD00001354,Home,1,0,0.0,0.5549,65.67,29.38,2192
PROD00002559,Home,1,0,0.0,0.5549,199.85,38.51,2193
PROD00009999,Toys,1,1,100.0,0.5548,459.42,16.05,2194
PROD00004243,Books,1,1,100.0,0.5548,282.86,40.77,2195
PROD00001294,Clothing,1,1,100.0,0.5548,487.28,45.44,2196
PROD00000842,Clothing,1,1,100.0,0.5547,494.3,49.71,2197
PROD00008004,Toys,1,0,0.0,0.5547,177.25,12.64,2198
PROD00008666,Clothing,1,1,100.0,0.5547,292.63,34.99,2199
PROD00004538,Books,1,0,0.0,0.5547,139.49,9.14,2200
PROD00004539,Home,1,1,100.0,0.5547,132.12,6.22,2201
PROD00009892,Electronics,1,0,0.0,0.5547,420.16,37.96,2202
PROD00005207,Books,1,1,100.0,0.5547,238.13,35.91,2203
PROD00005711,Clothing,1,1,100.0,0.5547,147.78,14.54,2204
PROD00005490,Home,1,1,100.0,0.5545,19.1,39.2,2205
PROD00005774,Electronics,1,1,100.0,0.5545,303.96,49.29,2206
PROD00005727,Clothing,1,0,0.0,0.5545,110.24,9.46,2207
PROD00009590,Books,1,1,100.0,0.5545,273.79,45.29,2208
PROD00001192,Home,1,0,0.0,0.5544,360.83,31.17,2209
PROD00003296,Toys,1,0,0.0,0.5544,474.36,41.3,2210
PROD00008511,Clothing,1,1,100.0,0.5544,466.54,45.88,2211
PROD00008074,Clothing,1,1,100.0,0.5544,385.5,28.89,2212
PROD00008318,Clothing,1,1,100.0,0.5543,406.24,34.17,2213
PROD00004740,Home,1,0,0.0,0.5543,55.52,48.9,2214
PROD00003768,Toys,1,1,100.0,0.5543,241.77,23.52,2215
PROD00007760,Home,1,0,0.0,0.5542,228.33,26.34,2216
PROD00005865,Clothing,1,1,100.0,0.5542,390.51,42.04,2217
PROD00002783,Clothing,1,0,0.0,0.5542,396.87,39.12,2218
PROD00002458,Clothing,1,0,0.0,0.5541,352.85,22.85,2219
PROD00005869,Toys,1,1,100.0,0.5541,155.25,45.66,2220
PROD00009397,Toys,1,0,0.0,0.5541,377.36,7.35,2221
PROD00009541,Clothing,1,0,0.0,0.5541,339.72,46.41,2222
PROD00005647,Clothing,1,0,0.0,0.5541,42.3,11.89,2223
PROD00004867,Toys,1,0,0.0,0.5541,354.91,16.42,2224
PROD00002320,Electronics,1,1,100.0,0.5541,382.88,46.28,2225
PROD00007774,Clothing,1,0,0.0,0.5541,32.95,29.75,2226
PROD00005351,Electronics,1,1,100.0,0.5541,276.42,17.6,2227
PROD00000757,Toys,1,1,100.0,0.554,20.02,14.89,2228
PROD00002989,Books,1,0,0.0,0.554,206.72,15.1,2229
PROD00003319,Books,1,0,0.0,0.5539,300.17,22.38,2230
PROD00002688,Electronics,1,1,100.0,0.5539,183.36,19.79,2231
PROD00002170,Books,1,0,0.0,0.5539,219.58,4.08,2232
PROD00001361,Electronics,1,0,0.0,0.5539,118.85,13.64,2233
PROD00005383,Books,1,0,0.0,0.5538,193.89,48.13,2234
PROD00003545,Toys,1,0,0.0,0.5538,477.35,30.06,2235
PROD00003064,Clothing,1,1,100.0,0.5537,245.25,20.72,2236
PROD00009656,Toys,1,1,100.0,0.5537,236.57,9.92,2237
PROD00005131,Books,1,1,100.0,0.5537,279.4,42.59,2238
PROD00006987,Books,1,1,100.0,0.5537,427.84,17.07,2239
PROD00003794,Books,1,1,100.0,0.5536,197.88,16.88,2240
PROD00007946,Clothing,1,1,100.0,0.5536,478.02,33.41,2241
PROD00001505,Electronics,1,1,100.0,0.5536,178.24,38.66,2242
PROD00001145,Clothing,1,1,100.0,0.5536,437.0,1.63,2243
PROD00008117,Clothing,1,1,100.0,0.5535,376.03,45.55,2244
PROD00004449,Electronics,1,1,100.0,0.5535,42.96,32.76,2245
PROD00002185,Books,1,0,0.0,0.5535,256.79,37.96,2246
PROD00003961,Home,1,1,100.0,0.5535,427.61,43.68,2247
PROD00009856,Clothing,1,0,0.0,0.5535,324.59,19.41,2248
PROD00006339,Toys,1,1,100.0,0.5535,155.23,41.5,2249
PROD00001436,Home,1,1,100.0,0.5535,460.98,39.1,2250
PROD00008257,Electronics,1,0,0.0,0.5535,213.2,3.58,2251
PROD00009660,Clothing,1,1,100.0,0.5535,120.36,5.14,2252
PROD00007712,Clothing,1,0,0.0,0.5535,314.06,30.78,2253
PROD00003428,Electronics,1,0,0.0,0.5535,165.41,33.79,2254
PROD00002375,Electronics,1,1,100.0,0.5534,242.87,21.04,2255
PROD00008081,Books,1,1,100.0,0.5534,239.82,40.47,2256
PROD00006029,Clothing,1,0,0.0,0.5534,303.23,44.84,2257
PROD00007266,Toys,1,1,100.0,0.5534,473.82,17.2,2258
PROD00008486,Books,1,0,0.0,0.5534,129.97,22.27,2259
PROD00006888,Books,1,0,0.0,0.5534,444.38,2.58,2260
PROD00007033,Clothing,1,1,100.0,0.5534,387.67,34.55,2261
PROD00002014,Toys,1,0,0.0,0.5534,431.61,16.1,2262
PROD00004149,Home,1,0,0.0,0.5534,321.7,21.54,2263
PROD00005249,Home,1,0,0.0,0.5533,79.03,25.38,2264
PROD00007450,Home,1,0,0.0,0.5533,329.6,11.24,2265
PROD00005817,Clothing,1,1,100.0,0.5531,54.8,21.07,2266
PROD00003771,Electronics,1,0,0.0,0.5531,236.43,40.73,2267
PROD00005422,Books,1,1,100.0,0.5531,253.96,47.88,2268
PROD00003729,Books,1,1,100.0,0.5531,83.23,28.55,2269
PROD00003021,Clothing,1,0,0.0,0.5531,153.62,9.89,2270
PROD00005381,Books,1,1,100.0,0.553,115.93,35.97,2271
PROD00009283,Clothing,1,0,0.0,0.5529,284.35,4.24,2272
PROD00004025,Clothing,1,0,0.0,0.5529,28.28,7.07,2273
PROD00008732,Clothing,1,0,0.0,0.5529,294.5,3.3,2274
PROD00002318,Clothing,1,1,100.0,0.5529,265.58,42.5,2275
PROD00009069,Electronics,1,0,0.0,0.5529,264.41,39.14,2276
PROD00002516,Electronics,1,0,0.0,0.5529,140.74,46.15,2277
PROD00005073,Home,1,0,0.0,0.5528,109.9,23.36,2278
PROD00002021,Books,1,0,0.0,0.5528,102.1,32.15,2279
PROD00000355,Books,1,0,0.0,0.5528,31.0,22.35,2280
PROD00003502,Home,1,1,100.0,0.5528,134.07,12.42,2281
PROD00002543,Electronics,1,1,100.0,0.5528,348.2,43.72,2282
PROD00006485,Books,1,1,100.0,0.5527,186.22,40.73,2283
PROD00004244,Electronics,1,0,0.0,0.5527,252.4,0.93,2284
PROD00007721,Clothing,1,0,0.0,0.5527,101.3,32.33,2285
PROD00005371,Home,1,1,100.0,0.5527,398.79,12.37,2286
PROD00004680,Toys,1,1,100.0,0.5527,457.85,46.66,2287
PROD00005552,Toys,1,0,0.0,0.5527,351.61,15.83,2288
PROD00003037,Clothing,1,0,0.0,0.5527,364.71,18.81,2289
PROD00003652,Clothing,1,1,100.0,0.5527,388.95,9.44,2290
PROD00001403,Clothing,1,1,100.0,0.5526,290.21,34.84,2291
PROD00001916,Electronics,1,1,100.0,0.5526,35.0,33.03,2292
PROD00004781,Electronics,1,0,0.0,0.5526,484.96,38.87,2293
PROD00003353,Toys,1,1,100.0,0.5525,219.87,23.54,2294
PROD00007547,Clothing,1,1,100.0,0.5525,309.3,4.23,2295
PROD00009509,Electronics,1,0,0.0,0.5525,97.5,25.51,2296
PROD00001974,Clothing,1,1,100.0,0.5525,261.37,23.33,2297
PROD00002350,Home,1,1,100.0,0.5525,239.43,20.62,2298
PROD00003472,Books,1,1,100.0,0.5525,111.77,8.94,2299
PROD00008611,Electronics,1,0,0.0,0.5524,231.2,43.69,2300
PROD00004059,Books,1,1,100.0,0.5524,412.4,9.44,2301
PROD00002837,Books,1,1,100.0,0.5524,223.03,27.61,2302
PROD00007924,Electronics,1,1,100.0,0.5524,327.19,12.06,2303
PROD00003384,Home,1,0,0.0,0.5523,199.85,15.4,2304
PROD00001574,Books,1,1,100.0,0.5522,338.68,39.31,2305
PROD00005565,Home,1,0,0.0,0.5522,246.85,19.11,2306
PROD00008155,Books,1,1,100.0,0.5522,175.92,49.54,2307
PROD00008702,Electronics,1,0,0.0,0.5522,409.92,4.59,2308
PROD00004796,Electronics,1,1,100.0,0.5522,348.77,17.25,2309
PROD00001995,Toys,1,1,100.0,0.5522,396.48,15.62,2310
PROD00003264,Toys,1,0,0.0,0.5521,328.16,31.27,2311
PROD00000274,Electronics,1,1,100.0,0.5521,392.03,2.16,2312
PROD00009353,Electronics,1,1,100.0,0.552,186.99,43.68,2313
PROD00005928,Books,1,1,100.0,0.552,47.32,15.36,2314
PROD00003209,Clothing,1,0,0.0,0.552,194.41,28.54,2315
PROD00008624,Electronics,1,1,100.0,0.552,446.98,45.55,2316
PROD00009714,Books,1,1,100.0,0.552,88.25,31.71,2317
PROD00008733,Clothing,1,1,100.0,0.5519,253.96,42.09,2318
PROD00005206,Clothing,1,1,100.0,0.5519,457.54,47.47,2319
PROD00003853,Home,1,0,0.0,0.5519,467.98,44.97,2320
PROD00001082,Electronics,1,0,0.0,0.5519,39.51,14.63,2321
PROD00009611,Electronics,1,0,0.0,0.5519,200.42,22.33,2322
PROD00002268,Books,1,0,0.0,0.5519,225.77,20.24,2323
PROD00002537,Clothing,1,1,100.0,0.5518,429.59,31.03,2324
PROD00000441,Clothing,1,0,0.0,0.5518,8.26,24.03,2325
PROD00005231,Clothing,1,0,0.0,0.5518,116.68,29.41,2326
PROD00008432,Books,1,1,100.0,0.5518,175.83,47.04,2327
PROD00000080,Electronics,1,0,0.0,0.5518,44.48,27.66,2328
PROD00009724,Electronics,1,0,0.0,0.5518,232.07,44.22,2329
PROD00007734,Electronics,1,1,100.0,0.5517,498.58,47.71,2330
PROD00006609,Books,1,1,100.0,0.5517,252.87,27.81,2331
PROD00002801,Clothing,1,1,100.0,0.5516,155.5,34.47,2332
PROD00004922,Books,1,1,100.0,0.5516,238.01,41.07,2333
PROD00004835,Clothing,1,1,100.0,0.5516,101.46,5.39,2334
PROD00008819,Electronics,1,0,0.0,0.5516,205.63,47.24,2335
PROD00005766,Electronics,1,0,0.0,0.5516,171.17,31.25,2336
PROD00000649,Electronics,1,1,100.0,0.5516,393.02,15.11,2337
PROD00004022,Clothing,1,0,0.0,0.5515,294.86,19.51,2338
PROD00002112,Clothing,1,0,0.0,0.5515,294.92,13.39,2339
PROD00008952,Toys,1,1,100.0,0.5515,313.77,39.08,2340
PROD00003066,Clothing,1,0,0.0,0.5515,88.2,30.7,2341
PROD00000273,Books,1,0,0.0,0.5515,337.22,6.54,2342
PROD00009390,Home,1,1,100.0,0.5515,292.26,39.96,2343
PROD00008345,Clothing,1,0,0.0,0.5514,308.27,11.2,2344
PROD00005426,Home,1,0,0.0,0.5513,406.02,42.79,2345
PROD00001092,Electronics,1,1,100.0,0.5513,485.64,40.06,2346
PROD00009079,Clothing,1,0,0.0,0.5513,438.15,26.53,2347
PROD00007855,Electronics,1,0,0.0,0.5512,264.22,24.67,2348
PROD00002016,Electronics,1,1,100.0,0.5512,395.66,49.0,2349
PROD00006353,Electronics,1,1,100.0,0.5511,30.54,32.92,2350
PROD00006697,Electronics,1,1,100.0,0.5511,5.56,8.94,2351
PROD00007304,Clothing,1,0,0.0,0.5511,372.87,42.01,2352
PROD00005286,Electronics,1,0,0.0,0.5511,161.65,11.4,2353
PROD00000488,Books,1,1,100.0,0.5511,211.23,8.98,2354
PROD00003789,Electronics,1,1,100.0,0.551,106.4,0.16,2355
PROD00003632,Electronics,1,0,0.0,0.551,437.89,11.08,2356
PROD00005236,Clothing,1,1,100.0,0.551,64.56,9.04,2357
PROD00007047,Home,1,0,0.0,0.551,441.11,29.39,2358
PROD00009524,Electronics,1,1,100.0,0.551,346.14,34.39,2359
PROD00000006,Clothing,1,1,100.0,0.551,382.89,28.49,2360
PROD00002277,Clothing,1,0,0.0,0.551,275.97,10.06,2361
PROD00006124,Clothing,1,0,0.0,0.551,80.18,29.7,2362
PROD00009364,Home,1,1,100.0,0.5509,230.9,0.68,2363
PROD00001958,Home,1,0,0.0,0.5509,430.23,7.15,2364
PROD00008115,Electronics,1,1,100.0,0.5509,414.07,19.81,2365
PROD00000177,Toys,1,0,0.0,0.5508,326.97,17.41,2366
PROD00002736,Books,1,1,100.0,0.5508,325.93,40.26,2367
PROD00007907,Home,1,1,100.0,0.5507,115.42,38.58,2368
PROD00006275,Clothing,1,1,100.0,0.5507,349.51,15.42,2369
PROD00008058,Clothing,1,1,100.0,0.5506,187.87,30.59,2370
PROD00000716,Books,1,1,100.0,0.5506,256.35,25.35,2371
PROD00007051,Books,1,1,100.0,0.5506,74.67,43.9,2372
PROD00008836,Books,1,1,100.0,0.5506,231.96,32.69,2373
PROD00004232,Clothing,1,1,100.0,0.5506,10.68,46.93,2374
PROD00000672,Clothing,1,0,0.0,0.5505,58.68,9.83,2375
PROD00009395,Toys,1,0,0.0,0.5505,368.6,42.18,2376
PROD00008446,Home,1,1,100.0,0.5505,385.26,37.53,2377
PROD00006704,Clothing,1,1,100.0,0.5504,273.29,43.66,2378
PROD00009237,Clothing,1,0,0.0,0.5504,461.61,46.59,2379
PROD00009641,Books,1,0,0.0,0.5504,250.15,21.72,2380
PROD00001344,Books,1,0,0.0,0.5504,8.67,13.9,2381
PROD00002115,Home,1,1,100.0,0.5504,114.38,20.75,2382
PROD00004522,Clothing,1,0,0.0,0.5504,170.04,41.12,2383
PROD00008689,Toys,1,1,100.0,0.5503,233.94,22.17,2384
PROD00009158,Electronics,1,0,0.0,0.5503,449.65,35.72,2385
PROD00002605,Clothing,1,1,100.0,0.5503,325.1,37.22,2386
PROD00002599,Books,1,1,100.0,0.5503,285.82,41.63,2387
PROD00008171,Toys,1,0,0.0,0.5503,245.07,10.13,2388
PROD00004340,Books,1,1,100.0,0.5502,360.39,24.66,2389
PROD00007769,Toys,1,0,0.0,0.5502,394.77,17.05,2390
PROD00008406,Electronics,1,1,100.0,0.5501,247.43,30.86,2391
PROD00003650,Books,1,0,0.0,0.5501,83.42,16.25,2392
PROD00006488,Books,1,1,100.0,0.5501,211.2,13.07,2393
PROD00008459,Toys,1,0,0.0,0.5501,250.78,43.1,2394
PROD00008161,Clothing,1,0,0.0,0.55,24.24,46.64,2395
PROD00009057,Toys,1,0,0.0,0.55,277.88,32.24,2396
PROD00002159,Electronics,1,1,100.0,0.5499,492.41,40.24,2397
PROD00001469,Toys,1,1,100.0,0.5499,400.5,22.24,2398
PROD00003361,Toys,1,0,0.0,0.5499,444.18,7.74,2399
PROD00002304,Electronics,1,1,100.0,0.5499,5.97,0.06,2400
PROD00004654,Books,1,0,0.0,0.5499,282.71,33.47,2401
PROD00006399,Home,1,0,0.0,0.5499,133.92,5.96,2402
PROD00004699,Clothing,1,0,0.0,0.5499,217.3,0.74,2403
PROD00004386,Electronics,1,0,0.0,0.5499,79.83,28.78,2404
PROD00009208,Clothing,1,1,100.0,0.5498,367.88,42.88,2405
PROD00003627,Electronics,1,1,100.0,0.5498,155.48,3.72,2406
PROD00008567,Electronics,1,0,0.0,0.5498,371.11,31.6,2407
PROD00007054,Home,1,0,0.0,0.5497,412.94,9.11,2408
PROD00004671,Books,1,1,100.0,0.5497,83.53,8.36,2409
PROD00003005,Home,1,1,100.0,0.5497,426.01,41.11,2410
PROD00000100,Clothing,1,0,0.0,0.5496,284.49,39.82,2411
PROD00001781,Toys,1,0,0.0,0.5496,157.69,44.97,2412
PROD00008440,Electronics,1,0,0.0,0.5496,283.46,28.05,2413
PROD00002066,Electronics,1,0,0.0,0.5496,30.01,24.11,2414
PROD00003730,Clothing,1,0,0.0,0.5496,113.31,4.48,2415
PROD00003894,Toys,1,0,0.0,0.5496,60.89,25.74,2416
PROD00003376,Toys,1,0,0.0,0.5496,493.35,40.22,2417
PROD00005204,Electronics,1,0,0.0,0.5496,126.83,27.46,2418
PROD00006654,Home,1,0,0.0,0.5496,209.03,42.67,2419
PROD00005273,Electronics,1,1,100.0,0.5495,395.93,47.27,2420
PROD00008298,Home,1,1,100.0,0.5495,341.62,12.69,2421
PROD00003391,Electronics,1,0,0.0,0.5495,191.48,8.39,2422
PROD00003122,Electronics,1,0,0.0,0.5495,151.09,29.13,2423
PROD00006472,Toys,1,0,0.0,0.5495,181.97,45.89,2424
PROD00006415,Clothing,1,0,0.0,0.5495,184.11,33.44,2425
PROD00001166,Electronics,1,1,100.0,0.5494,262.0,26.03,2426
PROD00009480,Electronics,1,1,100.0,0.5493,142.71,35.09,2427
PROD00002345,Toys,1,0,0.0,0.5493,61.3,27.33,2428
PROD00003620,Home,1,1,100.0,0.5492,154.9,46.08,2429
PROD00002539,Electronics,1,0,0.0,0.5492,5.14,30.13,2430
PROD00000372,Home,1,1,100.0,0.5492,96.49,2.9,2431
PROD00009280,Home,1,1,100.0,0.5492,54.26,3.08,2432
PROD00001985,Home,1,1,100.0,0.5492,217.71,1.43,2433
PROD00009593,Toys,1,1,100.0,0.5492,334.0,46.56,2434
PROD00000893,Home,1,1,100.0,0.5492,47.46,47.83,2435
PROD00009961,Toys,1,0,0.0,0.5491,416.65,45.21,2436
PROD00007016,Electronics,1,0,0.0,0.5491,187.74,25.63,2437
PROD00000551,Electronics,1,0,0.0,0.5491,314.45,24.04,2438
PROD00000646,Toys,1,0,0.0,0.5491,195.91,0.78,2439
PROD00006134,Electronics,1,0,0.0,0.5491,211.94,17.22,2440
PROD00005911,Home,1,1,100.0,0.549,5.33,22.39,2441
PROD00008213,Books,1,1,100.0,0.549,284.3,38.59,2442
PROD00004846,Books,1,0,0.0,0.5489,235.58,46.71,2443
PROD00007755,Home,1,0,0.0,0.5489,168.13,0.62,2444
PROD00004264,Clothing,1,1,100.0,0.5488,91.89,3.4,2445
PROD00007160,Home,1,0,0.0,0.5488,93.46,43.48,2446
PROD00008353,Home,1,0,0.0,0.5488,200.48,33.01,2447
PROD00008973,Home,1,1,100.0,0.5487,430.38,38.05,2448
PROD00007396,Toys,1,1,100.0,0.5487,470.79,6.65,2449
PROD00003202,Clothing,1,1,100.0,0.5487,111.71,0.46,2450
PROD00003932,Home,1,1,100.0,0.5487,195.15,2.56,2451
PROD00000915,Toys,1,1,100.0,0.5487,129.34,5.02,2452
PROD00006393,Clothing,1,1,100.0,0.5486,188.43,17.88,2453
PROD00008493,Clothing,1,0,0.0,0.5486,267.35,4.61,2454
PROD00001238,Books,1,1,100.0,0.5486,264.01,37.82,2455
PROD00002521,Home,1,0,0.0,0.5486,157.34,47.92,2456
PROD00009114,Toys,1,1,100.0,0.5485,484.19,37.85,2457
PROD00005530,Clothing,1,1,100.0,0.5485,38.35,2.93,2458
PROD00002552,Home,1,0,0.0,0.5484,167.35,49.65,2459
PROD00003658,Electronics,1,1,100.0,0.5484,420.96,34.86,2460
PROD00008325,Books,1,1,100.0,0.5484,485.17,7.93,2461
PROD00008476,Clothing,1,1,100.0,0.5484,159.93,45.36,2462
PROD00004586,Books,1,0,0.0,0.5484,348.55,32.59,2463
PROD00004193,Toys,1,0,0.0,0.5484,416.28,36.5,2464
PROD00005099,Home,1,0,0.0,0.5484,355.77,19.64,2465
PROD00002360,Home,1,0,0.0,0.5484,93.71,33.63,2466
PROD00002895,Clothing,1,1,100.0,0.5483,271.44,2.32,2467
PROD00000019,Electronics,1,1,100.0,0.5483,227.94,43.86,2468
PROD00001511,Toys,1,0,0.0,0.5483,198.09,1.27,2469
PROD00003786,Toys,1,0,0.0,0.5482,204.43,32.27,2470
PROD00004758,Clothing,1,1,100.0,0.5482,216.53,46.85,2471
PROD00002392,Home,1,1,100.0,0.5482,153.49,32.06,2472
PROD00000359,Home,1,0,0.0,0.5482,340.11,28.99,2473
PROD00007669,Toys,1,0,0.0,0.5482,154.24,46.53,2474
PROD00000860,Clothing,1,1,100.0,0.5482,110.88,44.98,2475
PROD00009040,Electronics,1,1,100.0,0.5482,86.01,46.01,2476
PROD00001969,Books,1,0,0.0,0.5482,58.69,35.7,2477
PROD00005359,Electronics,1,0,0.0,0.5482,173.58,41.92,2478
PROD00000135,Electronics,1,1,100.0,0.5481,291.09,8.37,2479
PROD00008904,Clothing,1,0,0.0,0.5481,497.54,29.21,2480
PROD00005838,Home,1,1,100.0,0.5481,131.64,43.97,2481
PROD00005683,Toys,1,0,0.0,0.5481,390.69,47.5,2482
PROD00007297,Toys,1,1,100.0,0.548,254.14,22.89,2483
PROD00007736,Electronics,1,1,100.0,0.548,160.25,23.6,2484
PROD00004656,Home,1,1,100.0,0.5479,367.51,36.31,2485
PROD00009823,Clothing,1,0,0.0,0.5479,433.42,21.58,2486
PROD00003402,Electronics,1,0,0.0,0.5479,399.19,26.45,2487
PROD00009107,Electronics,1,0,0.0,0.5479,380.76,37.78,2488
PROD00006274,Electronics,1,1,100.0,0.5478,30.75,39.42,2489
PROD00007860,Electronics,1,0,0.0,0.5478,157.45,23.78,2490
PROD00004064,Books,1,0,0.0,0.5478,199.42,40.08,2491
PROD00003429,Clothing,1,0,0.0,0.5478,253.46,44.57,2492
PROD00000565,Clothing,1,1,100.0,0.5477,272.58,44.41,2493
PROD00006264,Toys,1,0,0.0,0.5477,470.94,48.27,2494
PROD00005964,Toys,1,0,0.0,0.5477,394.45,41.94,2495
PROD00000798,Toys,1,1,100.0,0.5477,33.61,28.97,2496
PROD00002176,Clothing,1,0,0.0,0.5477,363.23,40.12,2497
PROD00005913,Clothing,1,1,100.0,0.5477,343.85,4.49,2498
PROD00004291,Electronics,1,0,0.0,0.5477,224.28,38.39,2499
PROD00002882,Home,1,1,100.0,0.5476,429.38,4.27,2500
PROD00001194,Books,1,0,0.0,0.5476,27.87,16.51,2501
PROD00009776,Books,1,1,100.0,0.5476,273.2,5.69,2502
PROD00003059,Electronics,1,1,100.0,0.5476,278.29,22.99,2503
PROD00007117,Electronics,1,0,0.0,0.5476,359.91,41.08,2504
PROD00009176,Electronics,1,1,100.0,0.5476,428.28,24.84,2505
PROD00000460,Home,1,0,0.0,0.5476,56.86,25.24,2506
